uid,archivo,fuente,video,t,ubicacion,grupo,split,md5,c0,c1,c2,c3,c4,c5,c6,c7,c8,c9,c10,c11
M_flechaRecta_t33m04_27s,M_flechaRecta_t33m04_27s.jpg,M,MARIO_47min,1984.27,,0,train,e33082eeb8a7d8b9077ed4019b2868a7,0,2,4,2,2,0,0,0,0,0,0,0
M_flechaRecta_t33m05_87s,M_flechaRecta_t33m05_87s.jpg,M,MARIO_47min,1985.87,,0,train,9fa87a904be87bcbf4c49e98d7f1d13a,0,2,4,1,2,0,0,0,0,0,0,0
M_flechaRectaDerecha_flechaRecta_t21m56_02s,M_flechaRectaDerecha_flechaRecta_t21m56_02s.jpg,M,MARIO_47min,1316.02,,0,train,44532444d9137ab78110a8dd38212814,1,0,2,1,6,0,8,0,0,0,0,0
M_flechaRectaDerecha_flechaRecta_t32m27_82s,M_flechaRectaDerecha_flechaRecta_t32m27_82s.jpg,M,MARIO_47min,1947.82,,0,train,cc3a5f9f53f6e4130987e5b243ba175e,0,1,1,1,3,1,4,0,0,0,0,1
M_flechaRectaDerecha_flechaRecta_t33m38_10s,M_flechaRectaDerecha_flechaRecta_t33m38_10s.jpg,M,MARIO_47min,2018.1,,0,train,14c3f20468e3a53b0da095b98b64cf11,0,1,1,1,2,1,6,0,0,0,0,1
M_flechaRectaDerecha_flechaRecta_t35m43_69s,M_flechaRectaDerecha_flechaRecta_t35m43_69s.jpg,M,MARIO_47min,2143.69,,1,train,df7f73ca99930876b25e671bac72f6f0,1,0,1,2,4,0,5,0,1,0,0,0
M_flechaRectaDerecha_flechaRecta_t36m30_28s,M_flechaRectaDerecha_flechaRecta_t36m30_28s.jpg,M,MARIO_47min,2190.28,,1,train,850acfbece80c379684f6b9a555d488d,0,1,1,1,4,0,3,0,0,0,0,2
M_flechaRectaDerecha_flechaRecta_t36m47_90s,M_flechaRectaDerecha_flechaRecta_t36m47_90s.jpg,M,MARIO_47min,2207.9,,1,train,93effe04559d14fc4516e080c7bea20c,1,0,1,1,3,1,4,0,0,0,0,1
M_flechaRectaDerecha_semaforo_flechaRecta_t30m40_09s,M_flechaRectaDerecha_semaforo_flechaRecta_t30m40_09s.jpg,M,MARIO_47min,1840.09,,0,train,b67237b9126445669a68ad8ebe8468a6,0,2,1,1,0,1,5,0,0,0,1,2
M_flechaRectaDerecha_semaforo_flechaRecta_t35m14_30s,M_flechaRectaDerecha_semaforo_flechaRecta_t35m14_30s.jpg,M,MARIO_47min,2114.3,,1,train,c289bfc1faf4b688bb460458662c496d,0,1,1,0,2,1,3,0,0,1,0,0
M_flechaRectaDerecha_semaforo_flechaRecta_t35m15_73s,M_flechaRectaDerecha_semaforo_flechaRecta_t35m15_73s.jpg,M,MARIO_47min,2115.73,,1,train,23ac6566a209d73a184138928053b643,0,2,1,2,2,0,5,0,0,1,0,1
M_flechaRectaDerecha_semaforo_t23m26_02s,M_flechaRectaDerecha_semaforo_t23m26_02s.jpg,M,MARIO_47min,1406.02,,0,train,a083062719a83882c33bdb3ccb87499f,0,1,0,1,6,2,4,0,0,0,1,1
M_reductor_flechaRectaDerecha_flechaRecta_t33m31_03s,M_reductor_flechaRectaDerecha_flechaRecta_t33m31_03s.jpg,M,MARIO_47min,2011.03,,0,train,f28bfb831774056a751f8ef941a14b61,1,0,0,0,1,0,6,2,0,0,0,0
M_reductor_flechaRectaDerecha_flechaRecta_t33m32_00s,M_reductor_flechaRectaDerecha_flechaRecta_t33m32_00s.jpg,M,MARIO_47min,2012.0,,0,train,1c064215f76712dbb70b05541d941c4a,1,0,1,1,0,1,6,2,0,0,0,0
M_reductor_flechaRecta_t19m23_97s,M_reductor_flechaRecta_t19m23_97s.jpg,M,MARIO_47min,1163.97,,2,test,fcdc1667db6c12454cf60acade63b39e,1,0,3,1,3,0,8,0,1,0,0,0
M_reductor_flechaRecta_t19m25_87s,M_reductor_flechaRecta_t19m25_87s.jpg,M,MARIO_47min,1165.87,,2,test,fd1a73ced63535119b453d96e10e108a,1,0,2,0,4,0,9,0,0,0,0,0
M_reductor_flechaRecta_t21m02_04s,M_reductor_flechaRecta_t21m02_04s.jpg,M,MARIO_47min,1262.04,,3,train,23f8632343e7fa2c9ae07f5271d804d8,1,0,3,0,3,0,7,1,0,0,0,0
M_reductor_flechaRecta_t22m52_13s,M_reductor_flechaRecta_t22m52_13s.jpg,M,MARIO_47min,1372.13,,0,train,80a3bb4cd9d61f767d8492f5b05f139b,1,0,3,0,1,0,7,1,1,0,0,0
M_reductor_t05m49_89s,M_reductor_t05m49_89s.jpg,M,MARIO_47min,349.89,,4,test,11b0b934d4e37705ebaa1e5eb7da4a48,1,0,0,0,0,1,1,1,0,0,0,0
M_reductor_t21m04_17s,M_reductor_t21m04_17s.jpg,M,MARIO_47min,1264.17,,3,train,65ae56116c53bd406da4a03cb81739c5,1,0,0,0,3,0,8,0,0,0,0,0
M_reductor_t22m53_93s,M_reductor_t22m53_93s.jpg,M,MARIO_47min,1373.93,,0,train,1a28bbea1c22a3779c60cda84b003844,1,0,0,0,1,0,7,1,0,0,0,0
M_reductor_t30m25_26s,M_reductor_t30m25_26s.jpg,M,MARIO_47min,1825.26,,0,train,33ee51c4d2723ac7923e47acdd3621bb,1,0,0,0,0,0,4,0,0,1,0,1
M_reductor_t30m26_22s,M_reductor_t30m26_22s.jpg,M,MARIO_47min,1826.22,,0,train,abc8dda213dabd5e77f44f1558de79b3,1,0,0,0,2,1,2,0,0,1,0,2
M_reductor_t32m20_95s,M_reductor_t32m20_95s.jpg,M,MARIO_47min,1940.95,,0,train,a542fd0142d65e51b8ea0d02ba5b8f7c,1,1,1,1,3,1,3,1,0,0,0,1
M_reductor_t32m55_74s,M_reductor_t32m55_74s.jpg,M,MARIO_47min,1975.74,,0,train,c00d138d3220437b6b5253632ed07821,1,1,0,0,3,0,2,0,0,0,0,0
M_reductor_t32m58_81s,M_reductor_t32m58_81s.jpg,M,MARIO_47min,1978.81,,0,train,bbb89e2f655c5d2a28ad70f93e02ef95,1,1,2,0,2,0,1,0,0,0,0,0
M_reductor_t33m29_83s,M_reductor_t33m29_83s.jpg,M,MARIO_47min,2009.83,,0,train,d3f1f66c8c6b7ff715c6b306d014c919,1,0,1,1,2,0,6,2,0,0,0,0
M_reductor_t34m50_24s,M_reductor_t34m50_24s.jpg,M,MARIO_47min,2090.24,,1,train,58023e3d7e42b79429ba53559d2dca62,2,0,0,0,0,0,3,0,0,0,0,1
M_reductor_t36m08_25s,M_reductor_t36m08_25s.jpg,M,MARIO_47min,2168.25,,1,train,5b985f36aec7a86064ce75d1741a9799,1,0,0,0,4,0,8,0,0,0,0,0
M_reductor_t37m26_86s,M_reductor_t37m26_86s.jpg,M,MARIO_47min,2246.86,,1,train,7190de0753f9dfe3f49309593101b82b,1,0,0,0,0,0,2,1,1,0,0,0
M_reductor_t37m28_09s,M_reductor_t37m28_09s.jpg,M,MARIO_47min,2248.09,,1,train,caf27900a32de4237b4a37e8c29d45b5,1,0,0,0,0,0,3,1,0,0,0,0
M_reductor_t44m52_22s,M_reductor_t44m52_22s.jpg,M,MARIO_47min,2692.22,,5,val,8582b6dede219f5572aba6073224d50a,1,0,0,0,2,0,3,0,0,0,0,0
M_reductor_t45m05_28s,M_reductor_t45m05_28s.jpg,M,MARIO_47min,2705.28,,5,val,34df18ee849a452f68b4d0c3a1050e5d,1,0,0,0,2,0,2,0,0,0,0,0
M_reductor_t45m29_74s,M_reductor_t45m29_74s.jpg,M,MARIO_47min,2729.74,,5,val,10ee3e0dd182c9182f5ce3f0c28be753,1,0,0,0,1,0,1,0,0,0,0,0
M_reductor_t45m45_73s,M_reductor_t45m45_73s.jpg,M,MARIO_47min,2745.73,,5,val,9406ec6380c37bde4c0f2acec52ead90,1,0,0,0,0,1,1,0,0,0,0,0
M_reductor_t45m48_23s,M_reductor_t45m48_23s.jpg,M,MARIO_47min,2748.23,,5,val,d4d959377ea76a24e2419ca04fef9720,1,1,0,0,0,1,1,0,0,0,0,0
M_semaforo_flechaRecta_t04m10_05s,M_semaforo_flechaRecta_t04m10_05s.jpg,M,MARIO_47min,250.05,,6,test,78903678c97bbe799dbef96dad6898e0,0,1,0,2,1,0,4,0,0,0,1,0
M_semaforo_flechaRecta_t17m56_83s,M_semaforo_flechaRecta_t17m56_83s.jpg,M,MARIO_47min,1076.83,,7,val,814bb313c60cba6202b10d510f0d7b24,0,1,1,0,1,1,6,0,1,0,2,0
M_semaforo_flechaRecta_t20m29_91s,M_semaforo_flechaRecta_t20m29_91s.jpg,M,MARIO_47min,1229.91,,3,train,be1f99def9d956bb84a89b1ebbe0c9bc,0,1,2,0,3,1,6,0,0,1,0,0
M_semaforo_flechaRecta_t22m27_94s,M_semaforo_flechaRecta_t22m27_94s.jpg,M,MARIO_47min,1347.94,,0,train,5839cbf3b9018f908e817e6c7cc96105,0,1,2,0,9,0,7,0,1,1,0,1
M_semaforo_flechaRecta_t47m00_21s,M_semaforo_flechaRecta_t47m00_21s.jpg,M,MARIO_47min,2820.21,,8,train,78e5ffb234d4d264b74bbab99e37613c,0,1,0,0,9,0,3,0,0,2,0,1
M_semaforo_t04m13_79s,M_semaforo_t04m13_79s.jpg,M,MARIO_47min,253.79,,6,test,4a913ae64e040ffc34cce9a40af2841e,0,2,0,0,1,1,7,0,0,0,1,0
M_semaforo_t05m04_27s,M_semaforo_t05m04_27s.jpg,M,MARIO_47min,304.27,,9,test,d445cfe6e61155cfe0412fe0918380b6,0,1,0,0,0,1,2,0,0,1,1,0
M_semaforo_t18m29_78s,M_semaforo_t18m29_78s.jpg,M,MARIO_47min,1109.78,,10,train,f30b6b30d788f0fb845a1b82d9d95921,0,1,0,0,5,1,2,0,0,0,1,0
M_semaforo_t18m59_97s,M_semaforo_t18m59_97s.jpg,M,MARIO_47min,1139.97,,2,test,592539cc0a08ab7c55522beae2ab6e95,0,1,0,0,1,1,4,1,0,1,0,0
M_semaforo_t20m35_88s,M_semaforo_t20m35_88s.jpg,M,MARIO_47min,1235.88,,3,train,336f2cc9c266d93e180ed69ada285d0d,0,1,0,0,3,2,4,0,1,1,0,0
M_semaforo_t22m29_74s,M_semaforo_t22m29_74s.jpg,M,MARIO_47min,1349.74,,0,train,e627f4fd73c26f050ff3be7f7ccbfa30,0,1,0,0,2,0,8,0,1,2,0,0
M_semaforo_t23m57_78s,M_semaforo_t23m57_78s.jpg,M,MARIO_47min,1437.78,,11,val,9e73fb65905b92435a66c8c33704df70,0,2,0,0,8,2,5,1,0,1,0,0
M_semaforo_t29m36_01s,M_semaforo_t29m36_01s.jpg,M,MARIO_47min,1776.01,,12,val,ed7f11c764a17a8ee827b14904c4f689,0,2,1,0,0,0,3,0,1,0,1,1
M_semaforo_t30m10_03s,M_semaforo_t30m10_03s.jpg,M,MARIO_47min,1810.03,,0,train,12f6027fb6b5dc5269f2a2a23f483372,0,2,0,0,0,0,3,0,0,0,0,2
M_semaforo_t30m59_98s,M_semaforo_t30m59_98s.jpg,M,MARIO_47min,1859.98,,0,train,4cfebac062e7458c725106535338e026,0,2,0,0,3,0,3,0,0,0,1,2
M_semaforo_t31m17_77s,M_semaforo_t31m17_77s.jpg,M,MARIO_47min,1877.77,,0,train,5c968058916ffe6c6ab625fdb21d8f62,0,1,0,0,0,1,3,0,0,1,0,2
M_semaforo_t31m34_04s,M_semaforo_t31m34_04s.jpg,M,MARIO_47min,1894.04,,0,train,a5a69521c344e7b5b980237e1a530cf0,0,2,0,0,1,0,0,0,0,1,0,1
M_semaforo_t34m35_81s,M_semaforo_t34m35_81s.jpg,M,MARIO_47min,2075.81,,1,train,56aa304625fec912213186becaee5c6a,0,1,1,0,3,1,5,0,1,0,0,0
M_semaforo_t35m12_17s,M_semaforo_t35m12_17s.jpg,M,MARIO_47min,2112.17,,1,train,224ce24cd5ab4754543ede140f1b3607,0,1,0,0,1,1,5,0,0,0,0,0
M_semaforo_t35m23_90s,M_semaforo_t35m23_90s.jpg,M,MARIO_47min,2123.9,,1,train,b7b2626517230e17adf7deb4cab0211a,0,2,0,0,1,0,1,0,1,0,1,5
M_semaforo_t37m55_82s,M_semaforo_t37m55_82s.jpg,M,MARIO_47min,2275.82,,1,train,f89a25c5dee72d87ca1b1528bee60acc,0,1,0,0,1,1,5,0,0,0,0,0
M_semaforo_t47m02_01s,M_semaforo_t47m02_01s.jpg,M,MARIO_47min,2822.01,,8,train,050c30f345ef48abcc31ee9da4b06cd5,0,1,0,0,8,0,2,0,0,2,0,0
M_semaforo_t47m03_91s,M_semaforo_t47m03_91s.jpg,M,MARIO_47min,2823.91,,8,train,1bd5c89ea489607bf6bba50e6850d9dc,0,1,0,2,6,0,2,0,0,0,2,0
M_pasoPeatonal_flechaRectaDerecha_flechaRecta_t40m39_10s,M_pasoPeatonal_flechaRectaDerecha_flechaRecta_t40m39_10s.jpg,M,MARIO_47min,2439.1,,13,train,e20db943fce34724174deb4e537e633e,0,1,1,2,2,0,0,0,0,0,0,3
M_pasoPeatonal_flechaRecta_t28m33_79s,M_pasoPeatonal_flechaRecta_t28m33_79s.jpg,M,MARIO_47min,1713.79,,14,val,574fc3f4da60a3c4cce7b5af9efe2018,0,1,2,1,3,0,3,0,1,0,0,1
M_pasoPeatonal_flechaRecta_t32m25_25s,M_pasoPeatonal_flechaRecta_t32m25_25s.jpg,M,MARIO_47min,1945.25,,0,train,9af2a01abe4e6aef60bdc84267d153f7,0,1,1,1,4,1,4,0,0,0,0,1
M_pasoPeatonal_semaforo_t04m12_02s,M_pasoPeatonal_semaforo_t04m12_02s.jpg,M,MARIO_47min,252.02,,6,test,22cb0cdfb0bb993ce30445d593894af0,0,1,0,0,1,0,4,0,0,0,1,1
M_pasoPeatonal_semaforo_t05m05_84s,M_pasoPeatonal_semaforo_t05m05_84s.jpg,M,MARIO_47min,305.84,,9,test,21f7c7ca0ec4b67beb0e7f880b91cfea,0,1,0,0,1,1,2,0,0,1,0,0
M_pasoPeatonal_semaforo_t20m33_88s,M_pasoPeatonal_semaforo_t20m33_88s.jpg,M,MARIO_47min,1233.88,,3,train,bf8a694b8d6fd0e5501e4e62b9c42dd3,0,1,0,0,3,2,3,0,1,1,0,0
M_pasoPeatonal_semaforo_t29m38_24s,M_pasoPeatonal_semaforo_t29m38_24s.jpg,M,MARIO_47min,1778.24,,12,val,d1be4ea5cc021bf4b66fbd55518b206a,0,1,0,0,0,0,3,0,1,0,1,0
M_pasoPeatonal_semaforo_t35m17_87s,M_pasoPeatonal_semaforo_t35m17_87s.jpg,M,MARIO_47min,2117.87,,1,train,27d758cab39135248642ee9bdf1994c3,0,2,0,1,1,1,3,0,1,1,0,1
M_pasoPeatonal_t22m32_04s,M_pasoPeatonal_t22m32_04s.jpg,M,MARIO_47min,1352.04,,0,train,7706b6efe54e34235761a8b5c9716c1c,0,1,0,0,1,0,11,0,0,0,0,0
M_pasoPeatonal_t27m46_24s,M_pasoPeatonal_t27m46_24s.jpg,M,MARIO_47min,1666.24,,15,test,c45ad705e0248de23c2d724cbd0e0926,0,1,0,1,4,0,1,0,0,0,0,0
M_pasoPeatonal_t27m48_24s,M_pasoPeatonal_t27m48_24s.jpg,M,MARIO_47min,1668.24,,15,test,1f3270e446898d27456c6812b622d675,0,2,0,0,2,0,4,0,0,0,0,1
M_pasoPeatonal_t27m59_74s,M_pasoPeatonal_t27m59_74s.jpg,M,MARIO_47min,1679.74,,15,test,37f8a36345219c5be5af6188b6e6a1a1,0,1,1,1,0,0,3,0,0,0,0,2
M_pasoPeatonal_t30m11_90s,M_pasoPeatonal_t30m11_90s.jpg,M,MARIO_47min,1811.9,,0,train,e26597cd07bc5dacab998e5defb43ee8,0,1,2,0,1,0,3,0,0,0,0,0
M_pasoPeatonal_t31m54_30s,M_pasoPeatonal_t31m54_30s.jpg,M,MARIO_47min,1914.3,,0,train,a10c93d8fca5105fc10353c1cead4d38,0,1,0,0,0,2,1,0,0,0,0,0
M_pasoPeatonal_t33m07_81s,M_pasoPeatonal_t33m07_81s.jpg,M,MARIO_47min,1987.81,,0,train,7f63e959de21551f4a525174a5533601,0,2,1,1,2,0,0,0,0,0,0,0
M_pasoPeatonal_t33m43_79s,M_pasoPeatonal_t33m43_79s.jpg,M,MARIO_47min,2023.79,,0,train,5c853e01dfc9c9713f88150fd021a0aa,0,1,0,0,0,1,4,1,0,0,0,1
M_pasoPeatonal_t35m27_90s,M_pasoPeatonal_t35m27_90s.jpg,M,MARIO_47min,2127.9,,1,train,76046b190cb23caa36c73b2a2359db5d,0,1,2,0,3,1,2,0,0,0,0,0
M_pasoPeatonal_t36m32_21s,M_pasoPeatonal_t36m32_21s.jpg,M,MARIO_47min,2192.21,,1,train,f6c49c23f8956fd7618456bbe61260bc,0,1,1,0,2,0,2,0,0,0,0,2
M_pasoPeatonal_t39m57_14s,M_pasoPeatonal_t39m57_14s.jpg,M,MARIO_47min,2397.14,,16,test,83e8c6d2a1938c73d797ba68c072a8d4,0,2,0,0,2,0,2,0,0,0,0,0
M_pasoPeatonal_t40m01_88s,M_pasoPeatonal_t40m01_88s.jpg,M,MARIO_47min,2401.88,,16,test,a734aef5a499157a4143102557f0d307,0,1,1,1,1,0,2,0,0,0,0,0
M_pasoPeatonal_t42m51_29s,M_pasoPeatonal_t42m51_29s.jpg,M,MARIO_47min,2571.29,,17,train,d6dcec8c933514a51f3431bc2edf3472,0,1,0,0,0,0,1,0,0,0,0,0
M_pasoPeatonal_t43m53_97s,M_pasoPeatonal_t43m53_97s.jpg,M,MARIO_47min,2633.97,,18,test,967ea00990e8a68dd2ca3cef126f1dcf,0,1,0,1,0,0,0,0,0,0,0,0
M_pasoPeatonal_t46m39_95s,M_pasoPeatonal_t46m39_95s.jpg,M,MARIO_47min,2799.95,,8,train,eb4a8107a3860d8e6a5d0fb5edd06145,0,1,0,0,2,1,3,0,1,0,0,0
M_pasoPeatonal_t46m43_75s,M_pasoPeatonal_t46m43_75s.jpg,M,MARIO_47min,2803.75,,8,train,b473faa665c43b82631ed85305fdce34,0,1,0,0,4,0,3,0,1,0,0,0
O_VID_20260912_145137682_0062,O_VID_20260912_145137682_0062.jpg,O,VID_20260912_145137682,62.0,,19,train,ef3a2f5d757ef41759a5de85de583815,0,0,1,1,1,1,7,0,6,0,0,0
O_VID_20260912_145137682_0063,O_VID_20260912_145137682_0063.jpg,O,VID_20260912_145137682,63.0,,19,train,6ebb4c81367526f7f4ef15c2263d70e9,0,0,1,1,2,1,5,0,6,0,0,0
O_VID_20260912_145137682_0099,O_VID_20260912_145137682_0099.jpg,O,VID_20260912_145137682,99.0,,20,train,e3d0a061b2acfb4a9a460590e6eefa72,0,2,1,0,6,0,2,0,3,0,0,0
O_VID_20260912_145137682_0100,O_VID_20260912_145137682_0100.jpg,O,VID_20260912_145137682,100.0,,20,train,5d7ae914f833d1cc385893c2d2845da9,0,3,1,0,2,0,2,0,3,0,0,0
O_VID_20260912_145137682_0119,O_VID_20260912_145137682_0119.jpg,O,VID_20260912_145137682,119.0,,20,train,065d953e145b84b913f1c03949c33089,0,0,3,0,1,0,4,0,2,0,0,0
O_VID_20260912_145137682_0120,O_VID_20260912_145137682_0120.jpg,O,VID_20260912_145137682,120.0,,20,train,31b24a2e77b437e4ea29272e5e75e2c9,0,0,3,0,0,0,4,0,1,0,0,0
O_VID_20260912_145137682_0121,O_VID_20260912_145137682_0121.jpg,O,VID_20260912_145137682,121.0,,20,train,25c21d0a2550302145df3b52ebb3ec2e,0,0,3,0,0,0,5,0,0,0,0,0
O_VID_20260912_145137682_0145,O_VID_20260912_145137682_0145.jpg,O,VID_20260912_145137682,145.0,,20,train,4b23931e9fc22b13bf119beb94d6b58d,0,0,2,0,4,0,3,0,2,0,0,0
O_VID_20260912_145137682_0163,O_VID_20260912_145137682_0163.jpg,O,VID_20260912_145137682,163.0,,20,train,dc6162939ccf04aeadf278ee1f8500a9,0,0,2,0,3,0,3,0,3,0,0,0
O_VID_20260912_145137682_0164,O_VID_20260912_145137682_0164.jpg,O,VID_20260912_145137682,164.0,,20,train,02ec5ca722f6d24317fb578103999fc1,0,0,1,0,3,1,3,0,2,0,0,0
O_VID_20260912_145137682_0194,O_VID_20260912_145137682_0194.jpg,O,VID_20260912_145137682,194.0,,20,train,7a1b418373eda9c257f40001650fe776,0,0,2,0,0,1,3,0,2,0,0,0
O_VID_20260912_145137682_0195,O_VID_20260912_145137682_0195.jpg,O,VID_20260912_145137682,195.0,,20,train,a148608756b092aae71649c3233fe9dd,0,0,2,0,0,0,2,0,2,0,0,0
O_VID_20260912_145137682_0210,O_VID_20260912_145137682_0210.jpg,O,VID_20260912_145137682,210.0,,20,train,6fe940052fe6d6614cec0105fc05a780,0,0,2,0,4,0,3,0,2,0,0,0
O_VID_20260912_145137682_0315,O_VID_20260912_145137682_0315.jpg,O,VID_20260912_145137682,315.0,,21,train,ba8507d9b2ef14e7505433f80d634deb,0,0,2,0,3,0,4,0,0,0,0,0
O_VID_20260912_145137682_0316,O_VID_20260912_145137682_0316.jpg,O,VID_20260912_145137682,316.0,,21,train,6ee42db171d09ae72754d41e27a81feb,0,0,2,0,3,0,5,0,0,0,0,0
O_VID_20260912_145137682_1063,O_VID_20260912_145137682_1063.jpg,O,VID_20260912_145137682,1063.0,,22,test,e62c1ada77f53e186a15bb786768f8da,0,2,1,1,1,0,8,0,0,0,0,0
O_VID_20260912_145137682_1064,O_VID_20260912_145137682_1064.jpg,O,VID_20260912_145137682,1064.0,,22,test,126662759fb8338a937780ea139dc300,0,2,1,1,1,0,6,0,0,0,0,0
O_VID_20260912_145137682_1089,O_VID_20260912_145137682_1089.jpg,O,VID_20260912_145137682,1089.0,,22,test,33cbd7560222e92f665d0ee174e741f8,0,0,3,0,1,0,7,0,0,0,0,0
O_VID_20260912_145137682_1090,O_VID_20260912_145137682_1090.jpg,O,VID_20260912_145137682,1090.0,,22,test,c3dbf127e9f2a5f1f0331dc7e7e6359e,0,0,2,0,1,0,8,0,0,0,0,0
O_VID_20260912_145137682_1275,O_VID_20260912_145137682_1275.jpg,O,VID_20260912_145137682,1275.0,,23,train,c4064761062532121c62cd29a40b9737,0,1,1,1,0,0,7,0,0,0,0,0
O_VID_20260912_145137682_1490,O_VID_20260912_145137682_1490.jpg,O,VID_20260912_145137682,1490.0,,24,val,23397079b4c180297843ff44235e9d8f,0,0,2,1,4,1,10,0,0,0,0,0
O_VID_20260912_145137682_1512,O_VID_20260912_145137682_1512.jpg,O,VID_20260912_145137682,1512.0,,24,val,d42a7f881dc697036da55726c05a7640,0,0,2,1,1,1,6,0,1,0,0,0
O_VID_20260912_145137682_1551,O_VID_20260912_145137682_1551.jpg,O,VID_20260912_145137682,1551.0,,25,test,5ed6ab469dc80cbca5041bc7969ffeb9,0,2,2,1,2,0,5,0,2,0,0,0
O_VID_20260912_145137682_1552,O_VID_20260912_145137682_1552.jpg,O,VID_20260912_145137682,1552.0,,25,test,25e18cd932f9995b633c0d40f7cd8678,0,2,2,1,3,0,9,0,0,0,0,0
O_VID_20260912_145137682_1560,O_VID_20260912_145137682_1560.jpg,O,VID_20260912_145137682,1560.0,,25,test,f990ada6e8d9fef82c6762ada923bb6f,0,0,3,0,1,0,9,0,0,0,0,0
O_VID_20260912_145137682_1568,O_VID_20260912_145137682_1568.jpg,O,VID_20260912_145137682,1568.0,,25,test,579c04919a512d6c4445d500bf4c4bf9,0,0,2,1,1,0,7,0,1,0,0,0
O_VID_20260912_145137682_1583,O_VID_20260912_145137682_1583.jpg,O,VID_20260912_145137682,1583.0,,25,test,df1e42cda0be899f91647e9490a4d9a4,0,0,2,1,3,0,16,0,0,0,0,0
O_VID_20260912_145137682_1631,O_VID_20260912_145137682_1631.jpg,O,VID_20260912_145137682,1631.0,,26,test,e28f3b97e4b118a3de063fab705b3ddf,0,0,1,1,1,0,8,0,0,0,0,0
O_VID_20260912_145137682_1863,O_VID_20260912_145137682_1863.jpg,O,VID_20260912_145137682,1863.0,,27,val,072e16639b5e0f5e572606c2bd4a3b13,0,0,2,1,0,0,5,0,0,0,0,0
O_VID_20260912_145137682_1864,O_VID_20260912_145137682_1864.jpg,O,VID_20260912_145137682,1864.0,,27,val,cb2dd3f57a09be4c600112db06beb9f1,0,0,2,1,0,0,6,0,1,0,0,0
O_VID_20260912_145137682_2571,O_VID_20260912_145137682_2571.jpg,O,VID_20260912_145137682,2571.0,,28,train,3d58be3ba0bc0fda8663c122b7db40eb,0,0,1,0,0,0,4,0,0,0,0,0
O_VID_20260912_145137682_2572,O_VID_20260912_145137682_2572.jpg,O,VID_20260912_145137682,2572.0,,28,train,279585bf6c04f039a571b6c811f8cd65,0,0,1,0,0,0,2,0,0,0,0,0
P_flechaRectaDerecha_flechaRecta_t20m53_90s,P_flechaRectaDerecha_flechaRecta_t20m53_90s.jpg,P,MARIO_47min,1253.9,,3,train,ac6f2cc956c5fd177c8bc03349fa9d3b,0,0,2,1,7,0,8,0,0,0,0,0
P_flechaRectaDerecha_flechaRecta_t28m32_29s,P_flechaRectaDerecha_flechaRecta_t28m32_29s.jpg,P,MARIO_47min,1712.29,,14,val,e752b654a587a646b3ab5848278decc7,0,1,1,1,0,0,1,0,0,0,0,0
P_flechaRectaDerecha_flechaRecta_t32m41_98s,P_flechaRectaDerecha_flechaRecta_t32m41_98s.jpg,P,MARIO_47min,1961.98,,0,train,a0f6d92ff44b8b0677fbf12fb132edb3,0,0,1,1,0,0,2,1,0,0,0,0
P_flechaRectaDerecha_flechaRecta_t32m42_78s,P_flechaRectaDerecha_flechaRecta_t32m42_78s.jpg,P,MARIO_47min,1962.78,,0,train,5f9989c5fd31b98f46aba435d214de1b,0,0,1,1,0,0,2,1,0,0,0,0
P_flechaRectaDerecha_flechaRecta_t33m09_97s,P_flechaRectaDerecha_flechaRecta_t33m09_97s.jpg,P,MARIO_47min,1989.97,,0,train,49bc3c2871e3909760c26f225e14ac07,0,0,1,1,1,0,0,0,0,0,0,0
P_flechaRectaDerecha_flechaRecta_t33m34_00s,P_flechaRectaDerecha_flechaRecta_t33m34_00s.jpg,P,MARIO_47min,2014.0,,0,train,0707c0f53a55102b300833999d7ef02e,0,0,1,1,0,0,4,1,0,0,0,0
P_flechaRectaDerecha_flechaRecta_t33m36_10s,P_flechaRectaDerecha_flechaRecta_t33m36_10s.jpg,P,MARIO_47min,2016.1,,0,train,518aa44e986c4ec9fd1411165de170f8,0,1,1,1,0,0,5,1,0,0,0,1
P_flechaRectaDerecha_flechaRecta_t33m49_93s,P_flechaRectaDerecha_flechaRecta_t33m49_93s.jpg,P,MARIO_47min,2029.93,,0,train,cd8f8e1709294313717bc39be0e783fd,0,0,1,1,1,0,3,0,0,0,0,2
P_flechaRectaDerecha_flechaRecta_t35m29_73s,P_flechaRectaDerecha_flechaRecta_t35m29_73s.jpg,P,MARIO_47min,2129.73,,1,train,966cf6bf679b5d1b6ac0f939598b7b9c,0,0,2,0,3,0,2,0,1,0,0,0
P_flechaRectaDerecha_flechaRecta_t36m02_05s,P_flechaRectaDerecha_flechaRecta_t36m02_05s.jpg,P,MARIO_47min,2162.05,,1,train,5dc8a4d1abd43d044c11071474dfa55b,0,0,0,1,2,0,5,1,0,0,0,1
P_flechaRectaDerecha_flechaRecta_t37m16_96s,P_flechaRectaDerecha_flechaRecta_t37m16_96s.jpg,P,MARIO_47min,2236.96,,1,train,5069c39482e2032c6f779b273b3eb798,0,0,1,1,0,0,3,1,0,0,0,1
P_flechaRectaDerecha_semaforo_flechaRecta_t35m20_30s,P_flechaRectaDerecha_semaforo_flechaRecta_t35m20_30s.jpg,P,MARIO_47min,2120.3,,1,train,b9daacb42d2ed577267aef91043667b6,0,0,1,1,2,0,3,0,1,0,0,2
P_flechaRectaDerecha_semaforo_flechaRecta_t35m21_70s,P_flechaRectaDerecha_semaforo_flechaRecta_t35m21_70s.jpg,P,MARIO_47min,2121.7,,1,train,2d03faae07e2bf1d11ce5f74d05f9a88,0,0,1,1,2,0,1,0,1,0,1,2
P_flechaRectaDerecha_semaforo_t23m17_86s,P_flechaRectaDerecha_semaforo_t23m17_86s.jpg,P,MARIO_47min,1397.86,,0,train,7feba95dc34ef662d49eb820f0c4f0f3,0,0,0,1,3,0,3,0,0,0,0,1
P_flechaRectaDerecha_semaforo_t23m23_99s,P_flechaRectaDerecha_semaforo_t23m23_99s.jpg,P,MARIO_47min,1403.99,,0,train,29f9d8d50b41663875bde4f44f72122b,0,0,0,1,2,2,2,0,0,0,0,2
P_flechaRectaDerecha_t34m44_18s,P_flechaRectaDerecha_t34m44_18s.jpg,P,MARIO_47min,2084.18,,1,train,23fb5e1407f97259337608a58a30b015,0,0,0,1,0,0,3,0,0,0,0,1
L_20260607_08_Av_Eyzaguirre_24min_3_1GB_t00000000ms_f0000000,L_20260607_08_Av_Eyzaguirre_24min_3_1GB_t00000000ms_f0000000.jpg,L,20260607_08_Av_Eyzaguirre-24min-3_1GB,0.0,,0,train,a86b777c797902606c5b5d4f5905a5ad,0,0,0,0,1,0,11,0,5,0,0,0
L_20260607_08_Av_Eyzaguirre_24min_3_1GB_t00004998ms_f0000150,L_20260607_08_Av_Eyzaguirre_24min_3_1GB_t00004998ms_f0000150.jpg,L,20260607_08_Av_Eyzaguirre-24min-3_1GB,4.998,,0,train,cbe924fb622cd9cd19b8e6249784d755,0,0,0,0,1,0,8,0,4,0,0,0
L_20260607_08_Av_Eyzaguirre_24min_3_1GB_t00009997ms_f0000300,L_20260607_08_Av_Eyzaguirre_24min_3_1GB_t00009997ms_f0000300.jpg,L,20260607_08_Av_Eyzaguirre-24min-3_1GB,9.997,,0,train,7bc758b70bf01cbc97aebb2b6b017018,0,1,0,0,3,0,7,0,3,0,0,0
L_20260607_08_Av_Eyzaguirre_24min_3_1GB_t00014995ms_f0000450,L_20260607_08_Av_Eyzaguirre_24min_3_1GB_t00014995ms_f0000450.jpg,L,20260607_08_Av_Eyzaguirre-24min-3_1GB,14.995,,0,train,c371a21b5e1b002d80527f95653e41be,0,2,0,0,5,1,9,0,2,0,0,0
L_20260607_08_Av_Eyzaguirre_24min_3_1GB_t00019994ms_f0000600,L_20260607_08_Av_Eyzaguirre_24min_3_1GB_t00019994ms_f0000600.jpg,L,20260607_08_Av_Eyzaguirre-24min-3_1GB,19.994,,0,train,7a430ab1baebf7eab6ad72e9023fe1cf,0,6,2,0,2,0,6,0,3,0,0,0
L_20260607_08_Av_Eyzaguirre_24min_3_1GB_t00024992ms_f0000750,L_20260607_08_Av_Eyzaguirre_24min_3_1GB_t00024992ms_f0000750.jpg,L,20260607_08_Av_Eyzaguirre-24min-3_1GB,24.992,,0,train,f3370cb8e63e628e142ea6d150855ff6,0,0,0,0,3,0,9,0,1,0,0,0
L_20260607_08_Av_Eyzaguirre_24min_3_1GB_t00029991ms_f0000900,L_20260607_08_Av_Eyzaguirre_24min_3_1GB_t00029991ms_f0000900.jpg,L,20260607_08_Av_Eyzaguirre-24min-3_1GB,29.991,,0,train,4c721d4c100d65910b900b17157ce022,0,0,0,0,0,0,7,0,1,0,0,0
L_20260607_08_Av_Eyzaguirre_24min_3_1GB_t00034989ms_f0001050,L_20260607_08_Av_Eyzaguirre_24min_3_1GB_t00034989ms_f0001050.jpg,L,20260607_08_Av_Eyzaguirre-24min-3_1GB,34.989,,0,train,8a4a278e080183edd492675c029b587a,0,0,0,0,1,0,6,1,1,0,0,0
L_20260607_08_Av_Eyzaguirre_24min_3_1GB_t00039988ms_f0001200,L_20260607_08_Av_Eyzaguirre_24min_3_1GB_t00039988ms_f0001200.jpg,L,20260607_08_Av_Eyzaguirre-24min-3_1GB,39.988,,0,train,519193b221462180f2e05e850ffdf3b3,0,0,0,0,3,0,9,0,1,0,0,1
L_20260607_08_Av_Eyzaguirre_24min_3_1GB_t00044986ms_f0001350,L_20260607_08_Av_Eyzaguirre_24min_3_1GB_t00044986ms_f0001350.jpg,L,20260607_08_Av_Eyzaguirre-24min-3_1GB,44.986,,0,train,6bd75d16a13baf4c6285b7ec0a18097a,0,0,0,0,2,0,11,0,2,0,0,0
L_20260607_08_Av_Eyzaguirre_24min_3_1GB_t00049985ms_f0001500,L_20260607_08_Av_Eyzaguirre_24min_3_1GB_t00049985ms_f0001500.jpg,L,20260607_08_Av_Eyzaguirre-24min-3_1GB,49.985,,0,train,191a0c2ed104269a028897e49e67c721,0,0,0,0,2,0,11,1,2,0,0,1
L_20260607_08_Av_Eyzaguirre_24min_3_1GB_t00054983ms_f0001650,L_20260607_08_Av_Eyzaguirre_24min_3_1GB_t00054983ms_f0001650.jpg,L,20260607_08_Av_Eyzaguirre-24min-3_1GB,54.983,,0,train,87e06fff35e0b965fa674873fa3b70bc,0,0,0,0,3,0,5,0,4,0,0,1
L_20260607_08_Av_Eyzaguirre_24min_3_1GB_t00059982ms_f0001800,L_20260607_08_Av_Eyzaguirre_24min_3_1GB_t00059982ms_f0001800.jpg,L,20260607_08_Av_Eyzaguirre-24min-3_1GB,59.982,,0,train,bf53c2409baf582073ac678c0ef84a59,0,0,0,0,3,0,8,0,4,0,1,2
L_20260607_08_Av_Eyzaguirre_24min_3_1GB_t00064980ms_f0001950,L_20260607_08_Av_Eyzaguirre_24min_3_1GB_t00064980ms_f0001950.jpg,L,20260607_08_Av_Eyzaguirre-24min-3_1GB,64.98,,0,train,8a7630b31fbfe05b1fb0626d4bec3e18,0,2,0,0,1,0,10,0,4,0,3,0
L_20260607_08_Av_Eyzaguirre_24min_3_1GB_t00069979ms_f0002100,L_20260607_08_Av_Eyzaguirre_24min_3_1GB_t00069979ms_f0002100.jpg,L,20260607_08_Av_Eyzaguirre-24min-3_1GB,69.979,,0,train,4733e6a919d849ef0861142a049492a7,0,0,0,0,0,0,2,0,1,0,1,0
L_20260607_08_Av_Eyzaguirre_24min_3_1GB_t00074978ms_f0002250,L_20260607_08_Av_Eyzaguirre_24min_3_1GB_t00074978ms_f0002250.jpg,L,20260607_08_Av_Eyzaguirre-24min-3_1GB,74.978,,0,train,bc7a77f0d0215f63961a19c69f997137,0,0,0,0,1,0,2,0,2,0,2,0
L_20260607_08_Av_Eyzaguirre_24min_3_1GB_t00079976ms_f0002400,L_20260607_08_Av_Eyzaguirre_24min_3_1GB_t00079976ms_f0002400.jpg,L,20260607_08_Av_Eyzaguirre-24min-3_1GB,79.976,,0,train,84fac614ed92d0efd8c5f7659f957e9b,0,0,0,0,3,1,6,1,3,0,5,0
L_20260607_08_Av_Eyzaguirre_24min_3_1GB_t00084975ms_f0002550,L_20260607_08_Av_Eyzaguirre_24min_3_1GB_t00084975ms_f0002550.jpg,L,20260607_08_Av_Eyzaguirre-24min-3_1GB,84.975,,0,train,0ee4a4138b68a9f9c287054f334e18cb,0,0,0,0,7,0,6,1,4,0,2,0
L_20260607_08_Av_Eyzaguirre_24min_3_1GB_t00089973ms_f0002700,L_20260607_08_Av_Eyzaguirre_24min_3_1GB_t00089973ms_f0002700.jpg,L,20260607_08_Av_Eyzaguirre-24min-3_1GB,89.973,,0,train,b4a6ae1a26deec9aed8ecf40251e2dea,0,0,0,0,5,0,7,0,5,0,5,0
L_20260607_08_Av_Eyzaguirre_24min_3_1GB_t00094972ms_f0002850,L_20260607_08_Av_Eyzaguirre_24min_3_1GB_t00094972ms_f0002850.jpg,L,20260607_08_Av_Eyzaguirre-24min-3_1GB,94.972,,0,train,4d552513baf1930fee10c89e8d02c2d2,0,0,0,0,4,0,7,1,4,0,4,0
L_20260607_08_Av_Eyzaguirre_24min_3_1GB_t00099970ms_f0003000,L_20260607_08_Av_Eyzaguirre_24min_3_1GB_t00099970ms_f0003000.jpg,L,20260607_08_Av_Eyzaguirre-24min-3_1GB,99.97,,0,train,f06bd13f833555d0c1929674a949354d,0,0,0,0,2,0,7,1,4,0,1,0
L_20260607_08_Av_Eyzaguirre_24min_3_1GB_t00104969ms_f0003150,L_20260607_08_Av_Eyzaguirre_24min_3_1GB_t00104969ms_f0003150.jpg,L,20260607_08_Av_Eyzaguirre-24min-3_1GB,104.969,,0,train,2f12e4d5ef27ce7b3caa8b62546d19c6,0,0,0,0,6,0,10,1,3,0,3,0
L_20260607_08_Av_Eyzaguirre_24min_3_1GB_t00109967ms_f0003300,L_20260607_08_Av_Eyzaguirre_24min_3_1GB_t00109967ms_f0003300.jpg,L,20260607_08_Av_Eyzaguirre-24min-3_1GB,109.967,,0,train,27d7f4ff449a2781d1e2fd094b90e843,0,0,0,0,4,0,9,1,3,4,0,0
L_20260607_08_Av_Eyzaguirre_24min_3_1GB_t00114966ms_f0003450,L_20260607_08_Av_Eyzaguirre_24min_3_1GB_t00114966ms_f0003450.jpg,L,20260607_08_Av_Eyzaguirre-24min-3_1GB,114.966,,0,train,b948a630dc06390f326bca0e3ce5150d,0,0,0,0,3,0,5,0,2,5,0,0
L_20260607_08_Av_Eyzaguirre_24min_3_1GB_t00119964ms_f0003600,L_20260607_08_Av_Eyzaguirre_24min_3_1GB_t00119964ms_f0003600.jpg,L,20260607_08_Av_Eyzaguirre-24min-3_1GB,119.964,,0,train,c59f22752aa5bf1a6dff3b725e8ef1b3,0,1,0,0,4,0,16,0,2,4,0,0
L_20260607_08_Av_Eyzaguirre_24min_3_1GB_t00124963ms_f0003750,L_20260607_08_Av_Eyzaguirre_24min_3_1GB_t00124963ms_f0003750.jpg,L,20260607_08_Av_Eyzaguirre-24min-3_1GB,124.963,,0,train,9a678b05d59af3c9d336175e020aa984,0,1,0,0,0,0,6,0,2,3,0,0
L_20260607_08_Av_Eyzaguirre_24min_3_1GB_t00129961ms_f0003900,L_20260607_08_Av_Eyzaguirre_24min_3_1GB_t00129961ms_f0003900.jpg,L,20260607_08_Av_Eyzaguirre-24min-3_1GB,129.961,,0,train,8b8c43451eca0f502b3504c3451ab237,0,1,0,0,4,1,10,0,0,4,0,1
L_20260607_08_Av_Eyzaguirre_24min_3_1GB_t00134960ms_f0004050,L_20260607_08_Av_Eyzaguirre_24min_3_1GB_t00134960ms_f0004050.jpg,L,20260607_08_Av_Eyzaguirre-24min-3_1GB,134.96,,0,train,335fb56a9fc235b332e759ae38e01ffb,0,1,0,0,6,0,8,1,1,5,0,2
L_20260607_08_Av_Eyzaguirre_24min_3_1GB_t00139958ms_f0004200,L_20260607_08_Av_Eyzaguirre_24min_3_1GB_t00139958ms_f0004200.jpg,L,20260607_08_Av_Eyzaguirre-24min-3_1GB,139.958,,0,train,d32b89328a8ad27dc3d82e122bd0ced9,0,0,0,0,1,0,6,0,2,2,0,0
L_20260607_08_Av_Eyzaguirre_24min_3_1GB_t00144957ms_f0004350,L_20260607_08_Av_Eyzaguirre_24min_3_1GB_t00144957ms_f0004350.jpg,L,20260607_08_Av_Eyzaguirre-24min-3_1GB,144.957,,0,train,b262a88cce818f868d269aee7bfcd2a7,0,0,0,0,4,0,8,0,2,2,0,0
L_20260607_08_Av_Eyzaguirre_24min_3_1GB_t00149956ms_f0004500,L_20260607_08_Av_Eyzaguirre_24min_3_1GB_t00149956ms_f0004500.jpg,L,20260607_08_Av_Eyzaguirre-24min-3_1GB,149.956,,0,train,8c6df16081933eb43c7899aab60db07e,0,0,0,0,3,0,10,0,2,2,0,0
L_20260607_08_Av_Eyzaguirre_24min_3_1GB_t00154954ms_f0004650,L_20260607_08_Av_Eyzaguirre_24min_3_1GB_t00154954ms_f0004650.jpg,L,20260607_08_Av_Eyzaguirre-24min-3_1GB,154.954,,0,train,441b4714565e5b358f179b1ab5e62aef,0,0,0,0,2,0,9,0,1,0,0,1
L_20260607_08_Av_Eyzaguirre_24min_3_1GB_t00159953ms_f0004800,L_20260607_08_Av_Eyzaguirre_24min_3_1GB_t00159953ms_f0004800.jpg,L,20260607_08_Av_Eyzaguirre-24min-3_1GB,159.953,,0,train,7402902b23e2d50235c1904e7ab167e3,0,0,0,0,5,0,5,0,1,0,0,0
L_20260607_08_Av_Eyzaguirre_24min_3_1GB_t00164951ms_f0004950,L_20260607_08_Av_Eyzaguirre_24min_3_1GB_t00164951ms_f0004950.jpg,L,20260607_08_Av_Eyzaguirre-24min-3_1GB,164.951,,0,train,cf9b7a24417bb7ad076de9a07f38bb54,0,0,0,0,0,0,9,0,1,0,0,1
L_20260607_08_Av_Eyzaguirre_24min_3_1GB_t00169950ms_f0005100,L_20260607_08_Av_Eyzaguirre_24min_3_1GB_t00169950ms_f0005100.jpg,L,20260607_08_Av_Eyzaguirre-24min-3_1GB,169.95,,0,train,2e7d219a1d9fa47fdf8b7ba0be4393f5,0,0,0,0,0,0,8,0,0,0,0,0
L_20260607_08_Av_Eyzaguirre_24min_3_1GB_t00174948ms_f0005250,L_20260607_08_Av_Eyzaguirre_24min_3_1GB_t00174948ms_f0005250.jpg,L,20260607_08_Av_Eyzaguirre-24min-3_1GB,174.948,,0,train,b77b287998c353608c4893f7c8ae4a69,0,0,0,0,4,0,5,1,1,0,0,0
L_20260607_08_Av_Eyzaguirre_24min_3_1GB_t00179947ms_f0005400,L_20260607_08_Av_Eyzaguirre_24min_3_1GB_t00179947ms_f0005400.jpg,L,20260607_08_Av_Eyzaguirre-24min-3_1GB,179.947,,0,train,db804089b64f0ce6a94c5685d10fcd80,0,0,0,0,5,0,5,0,1,0,0,1
L_20260607_08_Av_Eyzaguirre_24min_3_1GB_t00184945ms_f0005550,L_20260607_08_Av_Eyzaguirre_24min_3_1GB_t00184945ms_f0005550.jpg,L,20260607_08_Av_Eyzaguirre-24min-3_1GB,184.945,,0,train,a41ef1484ba6be509ad128361ccec540,0,0,0,0,3,0,8,0,0,0,3,1
L_20260607_08_Av_Eyzaguirre_24min_3_1GB_t00189944ms_f0005700,L_20260607_08_Av_Eyzaguirre_24min_3_1GB_t00189944ms_f0005700.jpg,L,20260607_08_Av_Eyzaguirre-24min-3_1GB,189.944,,0,train,c1942e14ea2a5e6aa5635f035756cca6,0,2,0,0,6,1,10,0,1,0,3,2
L_20260607_08_Av_Eyzaguirre_24min_3_1GB_t00194942ms_f0005850,L_20260607_08_Av_Eyzaguirre_24min_3_1GB_t00194942ms_f0005850.jpg,L,20260607_08_Av_Eyzaguirre-24min-3_1GB,194.942,,0,train,9903b4095ab7769cb0a8d295675f7e5a,0,1,0,0,10,0,10,0,0,0,2,1
L_20260607_08_Av_Eyzaguirre_24min_3_1GB_t00199941ms_f0006000,L_20260607_08_Av_Eyzaguirre_24min_3_1GB_t00199941ms_f0006000.jpg,L,20260607_08_Av_Eyzaguirre-24min-3_1GB,199.941,,0,train,ac6fee0f630df62a4cad6f07ff1eae45,0,1,0,0,7,0,5,0,0,0,0,1
L_20260607_08_Av_Eyzaguirre_24min_3_1GB_t00204939ms_f0006150,L_20260607_08_Av_Eyzaguirre_24min_3_1GB_t00204939ms_f0006150.jpg,L,20260607_08_Av_Eyzaguirre-24min-3_1GB,204.939,,0,train,941e9154a5e8740f04f836b0ac076aac,0,1,0,0,6,1,5,0,0,0,1,0
L_20260607_08_Av_Eyzaguirre_24min_3_1GB_t00209938ms_f0006300,L_20260607_08_Av_Eyzaguirre_24min_3_1GB_t00209938ms_f0006300.jpg,L,20260607_08_Av_Eyzaguirre-24min-3_1GB,209.938,,0,train,4edeb1571e6c14de20e3143e6df3ae2d,0,1,0,0,4,0,4,0,0,0,0,0
L_20260607_08_Av_Eyzaguirre_24min_3_1GB_t00214937ms_f0006450,L_20260607_08_Av_Eyzaguirre_24min_3_1GB_t00214937ms_f0006450.jpg,L,20260607_08_Av_Eyzaguirre-24min-3_1GB,214.937,,0,train,600ecb9ea1543a57b7dee1da04dfc2a6,0,1,0,0,4,0,6,0,0,0,1,0
L_20260607_08_Av_Eyzaguirre_24min_3_1GB_t00219935ms_f0006600,L_20260607_08_Av_Eyzaguirre_24min_3_1GB_t00219935ms_f0006600.jpg,L,20260607_08_Av_Eyzaguirre-24min-3_1GB,219.935,,0,train,ae611ab54f5964a11413bf641c3cd695,0,1,0,0,1,0,8,0,0,0,1,0
L_20260607_08_Av_Eyzaguirre_24min_3_1GB_t00224934ms_f0006750,L_20260607_08_Av_Eyzaguirre_24min_3_1GB_t00224934ms_f0006750.jpg,L,20260607_08_Av_Eyzaguirre-24min-3_1GB,224.934,,0,train,c7f25b866258bbd9680210296b56ba5b,0,1,0,0,4,1,6,0,0,0,0,0
L_20260607_08_Av_Eyzaguirre_24min_3_1GB_t00229932ms_f0006900,L_20260607_08_Av_Eyzaguirre_24min_3_1GB_t00229932ms_f0006900.jpg,L,20260607_08_Av_Eyzaguirre-24min-3_1GB,229.932,,0,train,a03d69f2be33ec50e4015984fde0dfc8,0,1,0,0,3,1,7,0,1,0,0,0
L_20260607_08_Av_Eyzaguirre_24min_3_1GB_t00234931ms_f0007050,L_20260607_08_Av_Eyzaguirre_24min_3_1GB_t00234931ms_f0007050.jpg,L,20260607_08_Av_Eyzaguirre-24min-3_1GB,234.931,,0,train,d4dc990f3b06ab877660824985a940bf,0,1,0,0,2,1,5,1,1,0,0,0
L_20260607_08_Av_Eyzaguirre_24min_3_1GB_t00239929ms_f0007200,L_20260607_08_Av_Eyzaguirre_24min_3_1GB_t00239929ms_f0007200.jpg,L,20260607_08_Av_Eyzaguirre-24min-3_1GB,239.929,,0,train,38fcbc4489dd35df3134aab4ff3ebd3b,0,2,0,0,3,1,6,1,0,3,0,0
L_20260607_08_Av_Eyzaguirre_24min_3_1GB_t00244928ms_f0007350,L_20260607_08_Av_Eyzaguirre_24min_3_1GB_t00244928ms_f0007350.jpg,L,20260607_08_Av_Eyzaguirre-24min-3_1GB,244.928,,0,train,6c88aac626a02aa80bc54d35462ce92c,0,0,0,0,2,1,7,1,0,2,0,1
L_20260607_08_Av_Eyzaguirre_24min_3_1GB_t00249926ms_f0007500,L_20260607_08_Av_Eyzaguirre_24min_3_1GB_t00249926ms_f0007500.jpg,L,20260607_08_Av_Eyzaguirre-24min-3_1GB,249.926,,0,train,466503fba055f475f7478ff25f5bd6e6,0,0,0,0,0,0,5,0,0,2,0,0
L_20260607_08_Av_Eyzaguirre_24min_3_1GB_t00254925ms_f0007650,L_20260607_08_Av_Eyzaguirre_24min_3_1GB_t00254925ms_f0007650.jpg,L,20260607_08_Av_Eyzaguirre-24min-3_1GB,254.925,,0,train,32df77e75503d3269f4ec3e915dd33de,0,0,0,0,0,0,4,0,0,0,0,0
L_20260607_08_Av_Eyzaguirre_24min_3_1GB_t00259923ms_f0007800,L_20260607_08_Av_Eyzaguirre_24min_3_1GB_t00259923ms_f0007800.jpg,L,20260607_08_Av_Eyzaguirre-24min-3_1GB,259.923,,0,train,6b46c7e8172f33db35669a85b7d9fe45,0,0,0,0,0,0,6,0,0,0,0,0
L_20260607_08_Av_Eyzaguirre_24min_3_1GB_t00264922ms_f0007950,L_20260607_08_Av_Eyzaguirre_24min_3_1GB_t00264922ms_f0007950.jpg,L,20260607_08_Av_Eyzaguirre-24min-3_1GB,264.922,,0,train,3d9bdfea4f1ae7275866ba7f30e846c3,0,0,0,0,1,0,10,0,0,0,0,1
L_20260607_08_Av_Eyzaguirre_24min_3_1GB_t00269920ms_f0008100,L_20260607_08_Av_Eyzaguirre_24min_3_1GB_t00269920ms_f0008100.jpg,L,20260607_08_Av_Eyzaguirre-24min-3_1GB,269.92,,0,train,78f4737a6adf1e2f71a4a9383ecfa708,0,0,0,0,0,0,5,0,1,0,0,2
L_20260607_08_Av_Eyzaguirre_24min_3_1GB_t00274919ms_f0008250,L_20260607_08_Av_Eyzaguirre_24min_3_1GB_t00274919ms_f0008250.jpg,L,20260607_08_Av_Eyzaguirre-24min-3_1GB,274.919,,0,train,35d1cb88ddaf633c48e0b59d3bfddec6,0,0,0,0,0,0,4,0,0,0,0,0
L_20260607_08_Av_Eyzaguirre_24min_3_1GB_t00279917ms_f0008400,L_20260607_08_Av_Eyzaguirre_24min_3_1GB_t00279917ms_f0008400.jpg,L,20260607_08_Av_Eyzaguirre-24min-3_1GB,279.917,,0,train,831faac5e4548c0bae9a59a66c174ee5,0,0,0,0,0,0,5,0,0,0,0,0
L_20260607_08_Av_Eyzaguirre_24min_3_1GB_t00284916ms_f0008550,L_20260607_08_Av_Eyzaguirre_24min_3_1GB_t00284916ms_f0008550.jpg,L,20260607_08_Av_Eyzaguirre-24min-3_1GB,284.916,,0,train,d6fa8f31280c4b477d973a3d01c86461,0,0,0,0,0,0,12,0,0,0,0,0
L_20260607_08_Av_Eyzaguirre_24min_3_1GB_t00289915ms_f0008700,L_20260607_08_Av_Eyzaguirre_24min_3_1GB_t00289915ms_f0008700.jpg,L,20260607_08_Av_Eyzaguirre-24min-3_1GB,289.915,,0,train,e134614a46f8ae4c85555349422f904a,0,0,0,0,0,0,11,0,1,1,0,0
L_20260607_08_Av_Eyzaguirre_24min_3_1GB_t00294913ms_f0008850,L_20260607_08_Av_Eyzaguirre_24min_3_1GB_t00294913ms_f0008850.jpg,L,20260607_08_Av_Eyzaguirre-24min-3_1GB,294.913,,0,train,98c6dc35baacf7a8d6b8359190ef8f18,0,2,0,0,2,0,5,0,0,3,0,0
L_20260607_08_Av_Eyzaguirre_24min_3_1GB_t00299912ms_f0009000,L_20260607_08_Av_Eyzaguirre_24min_3_1GB_t00299912ms_f0009000.jpg,L,20260607_08_Av_Eyzaguirre-24min-3_1GB,299.912,,0,train,f451a2832916f98719ebb7494795392d,0,0,0,0,2,0,4,0,0,0,0,0
L_20260607_08_Av_Eyzaguirre_24min_3_1GB_t00304910ms_f0009150,L_20260607_08_Av_Eyzaguirre_24min_3_1GB_t00304910ms_f0009150.jpg,L,20260607_08_Av_Eyzaguirre-24min-3_1GB,304.91,,0,train,35f97fac57f567d347d6c5d27f70bcb3,0,0,0,0,0,0,4,0,1,0,0,0
L_20260607_08_Av_Eyzaguirre_24min_3_1GB_t00309909ms_f0009300,L_20260607_08_Av_Eyzaguirre_24min_3_1GB_t00309909ms_f0009300.jpg,L,20260607_08_Av_Eyzaguirre-24min-3_1GB,309.909,,0,train,b4b2fc72900d9bd0c4363b0f4e69852c,0,0,0,0,0,0,5,0,0,0,0,0
L_20260607_08_Av_Eyzaguirre_24min_3_1GB_t00314907ms_f0009450,L_20260607_08_Av_Eyzaguirre_24min_3_1GB_t00314907ms_f0009450.jpg,L,20260607_08_Av_Eyzaguirre-24min-3_1GB,314.907,,0,train,d5ca3f495998bf6c8f3205cb86dd8969,0,0,0,0,1,0,6,0,2,0,0,0
L_20260607_08_Av_Eyzaguirre_24min_3_1GB_t00319906ms_f0009600,L_20260607_08_Av_Eyzaguirre_24min_3_1GB_t00319906ms_f0009600.jpg,L,20260607_08_Av_Eyzaguirre-24min-3_1GB,319.906,,0,train,801de79ca38503007b7b3d69092da51f,0,0,0,0,3,0,4,0,1,0,0,0
L_20260607_08_Av_Eyzaguirre_24min_3_1GB_t00324904ms_f0009750,L_20260607_08_Av_Eyzaguirre_24min_3_1GB_t00324904ms_f0009750.jpg,L,20260607_08_Av_Eyzaguirre-24min-3_1GB,324.904,,0,train,b541aec2de6b65e8f159fdf10e94e756,0,0,0,0,4,0,6,0,1,0,0,0
L_20260607_08_Av_Eyzaguirre_24min_3_1GB_t00329903ms_f0009900,L_20260607_08_Av_Eyzaguirre_24min_3_1GB_t00329903ms_f0009900.jpg,L,20260607_08_Av_Eyzaguirre-24min-3_1GB,329.903,,0,train,61dd64ac1cd8e77256b411b113279d06,0,0,0,0,7,1,14,1,1,0,0,0
L_20260607_08_Av_Eyzaguirre_24min_3_1GB_t00334901ms_f0010050,L_20260607_08_Av_Eyzaguirre_24min_3_1GB_t00334901ms_f0010050.jpg,L,20260607_08_Av_Eyzaguirre-24min-3_1GB,334.901,,0,train,3a2712f3dd655c40d51ae9f941dfe2ca,0,0,0,0,8,1,16,0,2,0,0,0
L_20260607_08_Av_Eyzaguirre_24min_3_1GB_t00339900ms_f0010200,L_20260607_08_Av_Eyzaguirre_24min_3_1GB_t00339900ms_f0010200.jpg,L,20260607_08_Av_Eyzaguirre-24min-3_1GB,339.9,,0,train,a2a75ef5f6088ffe9a2a2fc9c7ef954f,0,0,0,0,0,0,13,0,1,0,0,1
L_20260607_08_Av_Eyzaguirre_24min_3_1GB_t00344898ms_f0010350,L_20260607_08_Av_Eyzaguirre_24min_3_1GB_t00344898ms_f0010350.jpg,L,20260607_08_Av_Eyzaguirre-24min-3_1GB,344.898,,0,train,4b5292b857a33901550b1500694dd013,0,0,0,0,4,1,9,0,2,0,0,0
L_20260607_08_Av_Eyzaguirre_24min_3_1GB_t00349897ms_f0010500,L_20260607_08_Av_Eyzaguirre_24min_3_1GB_t00349897ms_f0010500.jpg,L,20260607_08_Av_Eyzaguirre-24min-3_1GB,349.897,,0,train,428beab170d2b607f2c61c47094699b7,0,0,0,0,2,1,8,0,1,0,0,0
L_20260607_08_Av_Eyzaguirre_24min_3_1GB_t00354896ms_f0010650,L_20260607_08_Av_Eyzaguirre_24min_3_1GB_t00354896ms_f0010650.jpg,L,20260607_08_Av_Eyzaguirre-24min-3_1GB,354.896,,0,train,e09d050764a9d92c76b9c98ec8771a42,0,0,0,0,0,0,7,0,2,0,0,0
L_20260607_08_Av_Eyzaguirre_24min_3_1GB_t00359894ms_f0010800,L_20260607_08_Av_Eyzaguirre_24min_3_1GB_t00359894ms_f0010800.jpg,L,20260607_08_Av_Eyzaguirre-24min-3_1GB,359.894,,0,train,12b4f4a5714d2ae790d031f2ce062a6f,0,0,0,0,0,0,1,0,0,0,0,0
L_20260607_08_Av_Eyzaguirre_24min_3_1GB_t00364893ms_f0010950,L_20260607_08_Av_Eyzaguirre_24min_3_1GB_t00364893ms_f0010950.jpg,L,20260607_08_Av_Eyzaguirre-24min-3_1GB,364.893,,0,train,0bffe2706a35a7d4b0b6f27f3ae594ba,0,0,0,0,5,0,1,0,0,0,0,0
L_20260607_08_Av_Eyzaguirre_24min_3_1GB_t00369891ms_f0011100,L_20260607_08_Av_Eyzaguirre_24min_3_1GB_t00369891ms_f0011100.jpg,L,20260607_08_Av_Eyzaguirre-24min-3_1GB,369.891,,0,train,fac33de5fb3e4d5a496db7befb7a25e5,0,0,0,0,0,0,5,0,1,0,0,0
L_20260607_08_Av_Eyzaguirre_24min_3_1GB_t00374890ms_f0011250,L_20260607_08_Av_Eyzaguirre_24min_3_1GB_t00374890ms_f0011250.jpg,L,20260607_08_Av_Eyzaguirre-24min-3_1GB,374.89,,0,train,90d6dbc62d3c1999df382dc4dfe9de9e,0,0,0,0,0,0,5,0,1,0,0,0
L_20260607_08_Av_Eyzaguirre_24min_3_1GB_t00429874ms_f0012900,L_20260607_08_Av_Eyzaguirre_24min_3_1GB_t00429874ms_f0012900.jpg,L,20260607_08_Av_Eyzaguirre-24min-3_1GB,429.874,,35,val,b329dbf8d2ae76ffc86204cda4087bbe,0,0,0,0,0,0,5,0,1,0,0,0
L_20260607_08_Av_Eyzaguirre_24min_3_1GB_t00439871ms_f0013200,L_20260607_08_Av_Eyzaguirre_24min_3_1GB_t00439871ms_f0013200.jpg,L,20260607_08_Av_Eyzaguirre-24min-3_1GB,439.871,,35,val,e299722bc3ebbf5fec55773fdac2b478,0,0,0,0,1,1,5,0,1,0,0,0
L_20260607_08_Av_Eyzaguirre_24min_3_1GB_t00454866ms_f0013650,L_20260607_08_Av_Eyzaguirre_24min_3_1GB_t00454866ms_f0013650.jpg,L,20260607_08_Av_Eyzaguirre-24min-3_1GB,454.866,,35,val,015116bd260c458701699f597061ccd8,0,0,0,0,0,0,6,0,4,0,0,0
L_20260607_08_Av_Eyzaguirre_24min_3_1GB_t00459865ms_f0013800,L_20260607_08_Av_Eyzaguirre_24min_3_1GB_t00459865ms_f0013800.jpg,L,20260607_08_Av_Eyzaguirre-24min-3_1GB,459.865,,35,val,d2fab1e303878763e5b9aa96f4967a3d,0,0,0,0,2,1,7,0,4,1,0,0
L_20260607_08_Av_Eyzaguirre_24min_3_1GB_t00464863ms_f0013950,L_20260607_08_Av_Eyzaguirre_24min_3_1GB_t00464863ms_f0013950.jpg,L,20260607_08_Av_Eyzaguirre-24min-3_1GB,464.863,,35,val,2880d2985d5557b86499f905520ebb87,0,0,0,0,2,1,5,0,3,0,0,0
L_20260607_08_Av_Eyzaguirre_24min_3_1GB_t00469862ms_f0014100,L_20260607_08_Av_Eyzaguirre_24min_3_1GB_t00469862ms_f0014100.jpg,L,20260607_08_Av_Eyzaguirre-24min-3_1GB,469.862,,35,val,b7eff0fedc33557c71a3df3125070406,0,0,0,0,0,0,4,0,2,0,1,0
L_20260607_08_Av_Eyzaguirre_24min_3_1GB_t00474860ms_f0014250,L_20260607_08_Av_Eyzaguirre_24min_3_1GB_t00474860ms_f0014250.jpg,L,20260607_08_Av_Eyzaguirre-24min-3_1GB,474.86,,35,val,992f952b975e2adf0ab35e5277a1291d,0,0,0,0,0,0,4,0,2,0,1,0
L_20260607_08_Av_Eyzaguirre_24min_3_1GB_t00479859ms_f0014400,L_20260607_08_Av_Eyzaguirre_24min_3_1GB_t00479859ms_f0014400.jpg,L,20260607_08_Av_Eyzaguirre-24min-3_1GB,479.859,,35,val,176328c966581680852cc231e6383361,0,0,1,0,0,0,3,0,2,0,1,0
L_20260607_08_Av_Eyzaguirre_24min_3_1GB_t00559835ms_f0016800,L_20260607_08_Av_Eyzaguirre_24min_3_1GB_t00559835ms_f0016800.jpg,L,20260607_08_Av_Eyzaguirre-24min-3_1GB,559.835,,36,test,d537e4e0ad22775b6a8bf9e28bbb6dba,0,0,0,0,3,2,2,0,2,1,0,0
L_20260607_08_Av_Eyzaguirre_24min_3_1GB_t00564834ms_f0016950,L_20260607_08_Av_Eyzaguirre_24min_3_1GB_t00564834ms_f0016950.jpg,L,20260607_08_Av_Eyzaguirre-24min-3_1GB,564.834,,36,test,73a6e34f95df341d36a13ee362b18d68,0,1,0,0,2,1,6,0,2,2,0,0
L_20260607_08_Av_Eyzaguirre_24min_3_1GB_t00569833ms_f0017100,L_20260607_08_Av_Eyzaguirre_24min_3_1GB_t00569833ms_f0017100.jpg,L,20260607_08_Av_Eyzaguirre-24min-3_1GB,569.833,,36,test,6a04ea7361b3cf5a9edad51d7c34a603,0,0,0,0,2,1,4,0,3,0,0,0
L_20260607_08_Av_Eyzaguirre_24min_3_1GB_t00574831ms_f0017250,L_20260607_08_Av_Eyzaguirre_24min_3_1GB_t00574831ms_f0017250.jpg,L,20260607_08_Av_Eyzaguirre-24min-3_1GB,574.831,,36,test,8f6d5417d1fb27e5c9974bb02bf03e68,0,0,0,0,1,1,2,0,2,0,0,0
L_20260607_08_Av_Eyzaguirre_24min_3_1GB_t00579830ms_f0017400,L_20260607_08_Av_Eyzaguirre_24min_3_1GB_t00579830ms_f0017400.jpg,L,20260607_08_Av_Eyzaguirre-24min-3_1GB,579.83,,36,test,498847af2d3dcac9abfb0936cd244383,0,0,0,0,1,1,3,0,2,0,0,0
L_20260607_08_Av_Eyzaguirre_24min_3_1GB_t00584828ms_f0017550,L_20260607_08_Av_Eyzaguirre_24min_3_1GB_t00584828ms_f0017550.jpg,L,20260607_08_Av_Eyzaguirre-24min-3_1GB,584.828,,36,test,f6ba4cdc7d6e99fe993c85a3b949574d,0,0,0,0,0,0,3,0,2,0,0,0
L_20260607_08_Av_Eyzaguirre_24min_3_1GB_t00589827ms_f0017700,L_20260607_08_Av_Eyzaguirre_24min_3_1GB_t00589827ms_f0017700.jpg,L,20260607_08_Av_Eyzaguirre-24min-3_1GB,589.827,,36,test,7722bde1779cb80e7a2194e31c409058,0,0,0,0,0,0,4,1,1,0,0,0
L_20260607_08_Av_Eyzaguirre_24min_3_1GB_t00594825ms_f0017850,L_20260607_08_Av_Eyzaguirre_24min_3_1GB_t00594825ms_f0017850.jpg,L,20260607_08_Av_Eyzaguirre-24min-3_1GB,594.825,,36,test,29029168042961ba18aeba0f7ccc405c,0,0,0,0,1,0,10,0,4,0,0,0
L_20260607_08_Av_Eyzaguirre_24min_3_1GB_t00599824ms_f0018000,L_20260607_08_Av_Eyzaguirre_24min_3_1GB_t00599824ms_f0018000.jpg,L,20260607_08_Av_Eyzaguirre-24min-3_1GB,599.824,,36,test,b088769f7cc01509cc32808738ed7394,0,0,0,0,1,0,12,0,2,0,0,0
L_20260607_08_Av_Eyzaguirre_24min_3_1GB_t00604822ms_f0018150,L_20260607_08_Av_Eyzaguirre_24min_3_1GB_t00604822ms_f0018150.jpg,L,20260607_08_Av_Eyzaguirre-24min-3_1GB,604.822,,36,test,bbb847b2a3ae93a2a459ebf445bd2809,0,0,0,0,2,0,8,2,1,0,0,0
L_20260607_08_Av_Eyzaguirre_24min_3_1GB_t00609821ms_f0018300,L_20260607_08_Av_Eyzaguirre_24min_3_1GB_t00609821ms_f0018300.jpg,L,20260607_08_Av_Eyzaguirre-24min-3_1GB,609.821,,36,test,380e6078a11d5765200cf0820f70263f,0,0,0,0,0,0,4,0,1,0,0,0
L_20260607_08_Av_Eyzaguirre_24min_3_1GB_t00664805ms_f0019950,L_20260607_08_Av_Eyzaguirre_24min_3_1GB_t00664805ms_f0019950.jpg,L,20260607_08_Av_Eyzaguirre-24min-3_1GB,664.805,,37,val,a80dc4552ae10e65913796cf37204b33,0,0,0,0,2,0,3,0,1,0,0,0
L_20260607_08_Av_Eyzaguirre_24min_3_1GB_t00669803ms_f0020100,L_20260607_08_Av_Eyzaguirre_24min_3_1GB_t00669803ms_f0020100.jpg,L,20260607_08_Av_Eyzaguirre-24min-3_1GB,669.803,,37,val,ac99aaa0f17f36d4d15a7798de5ee4c4,0,0,0,0,1,0,5,0,1,0,0,0
L_20260607_08_Av_Eyzaguirre_24min_3_1GB_t00674802ms_f0020250,L_20260607_08_Av_Eyzaguirre_24min_3_1GB_t00674802ms_f0020250.jpg,L,20260607_08_Av_Eyzaguirre-24min-3_1GB,674.802,,37,val,8699e51ac9b3c33d8e91d68942b63906,0,0,0,0,0,0,6,0,0,0,0,0
L_20260607_08_Av_Eyzaguirre_24min_3_1GB_t00679800ms_f0020400,L_20260607_08_Av_Eyzaguirre_24min_3_1GB_t00679800ms_f0020400.jpg,L,20260607_08_Av_Eyzaguirre-24min-3_1GB,679.8,,37,val,ebfebf6f6928b366755e5afad8c3cdac,0,0,0,0,0,0,5,0,0,0,0,0
L_20260607_08_Av_Eyzaguirre_24min_3_1GB_t00684799ms_f0020550,L_20260607_08_Av_Eyzaguirre_24min_3_1GB_t00684799ms_f0020550.jpg,L,20260607_08_Av_Eyzaguirre-24min-3_1GB,684.799,,37,val,9825bd2686a33d7988a287a6ba2043a5,0,0,0,0,0,0,4,0,0,0,0,0
L_20260607_08_Av_Eyzaguirre_24min_3_1GB_t00689797ms_f0020700,L_20260607_08_Av_Eyzaguirre_24min_3_1GB_t00689797ms_f0020700.jpg,L,20260607_08_Av_Eyzaguirre-24min-3_1GB,689.797,,37,val,561653744ced6a3085e0b21240952092,0,0,0,0,8,1,5,2,1,0,0,0
L_20260607_08_Av_Eyzaguirre_24min_3_1GB_t00694796ms_f0020850,L_20260607_08_Av_Eyzaguirre_24min_3_1GB_t00694796ms_f0020850.jpg,L,20260607_08_Av_Eyzaguirre-24min-3_1GB,694.796,,37,val,8e06c8a05fa55e830eb887b8291827df,0,0,0,0,3,1,5,2,1,1,0,0
L_20260607_08_Av_Eyzaguirre_24min_3_1GB_t00699794ms_f0021000,L_20260607_08_Av_Eyzaguirre_24min_3_1GB_t00699794ms_f0021000.jpg,L,20260607_08_Av_Eyzaguirre-24min-3_1GB,699.794,,37,val,4095d2b5a73f81c31f392a5db06a9550,0,0,0,0,0,0,5,2,2,1,0,0
L_20260607_08_Av_Eyzaguirre_24min_3_1GB_t00704793ms_f0021150,L_20260607_08_Av_Eyzaguirre_24min_3_1GB_t00704793ms_f0021150.jpg,L,20260607_08_Av_Eyzaguirre-24min-3_1GB,704.793,,37,val,262b1a0bdfb3eb30b262732a9e332b43,0,0,0,0,0,0,6,3,2,0,0,0
L_20260607_08_Av_Eyzaguirre_24min_3_1GB_t00709792ms_f0021300,L_20260607_08_Av_Eyzaguirre_24min_3_1GB_t00709792ms_f0021300.jpg,L,20260607_08_Av_Eyzaguirre-24min-3_1GB,709.792,,37,val,988b3c852f0eb404ee28ea4680b07d24,0,0,0,0,1,1,10,1,1,0,0,0
L_20260607_08_Av_Eyzaguirre_24min_3_1GB_t00714790ms_f0021450,L_20260607_08_Av_Eyzaguirre_24min_3_1GB_t00714790ms_f0021450.jpg,L,20260607_08_Av_Eyzaguirre-24min-3_1GB,714.79,,37,val,0b6dd4c6e5adff6349aa0ff384f6e478,0,0,0,0,0,0,10,1,1,0,0,0
L_20260607_10_Av_Alisos_C_15min_1_95_GB_t00000000ms_f0000000,L_20260607_10_Av_Alisos_C_15min_1_95_GB_t00000000ms_f0000000.jpg,L,20260607_10_Av_Alisos_C_-15min-1_95_GB,0.0,,38,train,3f4911d281a7878e2f41ac4db26eedd3,0,0,0,0,1,0,3,0,0,0,0,0
L_20260607_10_Av_Alisos_C_15min_1_95_GB_t00004998ms_f0000150,L_20260607_10_Av_Alisos_C_15min_1_95_GB_t00004998ms_f0000150.jpg,L,20260607_10_Av_Alisos_C_-15min-1_95_GB,4.998,,38,train,5a074630f3ad7ab8dea61e8b05c336e7,0,0,0,0,0,0,2,0,0,0,0,0
L_20260607_10_Av_Alisos_C_15min_1_95_GB_t00009996ms_f0000300,L_20260607_10_Av_Alisos_C_15min_1_95_GB_t00009996ms_f0000300.jpg,L,20260607_10_Av_Alisos_C_-15min-1_95_GB,9.996,,38,train,2fd5e202c9ff846f356e1eb19bcff2a7,0,0,0,0,0,0,2,0,0,0,0,0
L_20260607_10_Av_Alisos_C_15min_1_95_GB_t00014995ms_f0000450,L_20260607_10_Av_Alisos_C_15min_1_95_GB_t00014995ms_f0000450.jpg,L,20260607_10_Av_Alisos_C_-15min-1_95_GB,14.995,,38,train,1456567e02d6e6c2949ed4c5dd453e62,0,0,0,0,2,0,6,1,0,0,0,0
L_20260607_10_Av_Alisos_C_15min_1_95_GB_t00019993ms_f0000600,L_20260607_10_Av_Alisos_C_15min_1_95_GB_t00019993ms_f0000600.jpg,L,20260607_10_Av_Alisos_C_-15min-1_95_GB,19.993,,38,train,ff2240c209907a2d60defa31e2e214e3,0,0,0,0,5,0,5,0,0,0,0,0
L_20260607_10_Av_Alisos_C_15min_1_95_GB_t00024992ms_f0000750,L_20260607_10_Av_Alisos_C_15min_1_95_GB_t00024992ms_f0000750.jpg,L,20260607_10_Av_Alisos_C_-15min-1_95_GB,24.992,,38,train,c03cd731de7950283ce0d4f8b1e0af0a,0,0,0,0,6,1,5,0,0,0,0,0
L_20260607_10_Av_Alisos_C_15min_1_95_GB_t00029990ms_f0000900,L_20260607_10_Av_Alisos_C_15min_1_95_GB_t00029990ms_f0000900.jpg,L,20260607_10_Av_Alisos_C_-15min-1_95_GB,29.99,,38,train,2a30803a46302765572d69f15512fb2a,0,0,0,0,8,1,8,0,0,0,0,0
L_20260607_10_Av_Alisos_C_15min_1_95_GB_t00034988ms_f0001050,L_20260607_10_Av_Alisos_C_15min_1_95_GB_t00034988ms_f0001050.jpg,L,20260607_10_Av_Alisos_C_-15min-1_95_GB,34.988,,38,train,6b54313c0475341d1593ae977f4dc62a,1,0,0,0,2,1,4,0,0,0,0,0
L_20260607_10_Av_Alisos_C_15min_1_95_GB_t00039987ms_f0001200,L_20260607_10_Av_Alisos_C_15min_1_95_GB_t00039987ms_f0001200.jpg,L,20260607_10_Av_Alisos_C_-15min-1_95_GB,39.987,,38,train,5e63268df9aed1f8f05a65fc238b277a,0,0,0,0,1,1,11,0,0,0,0,0
L_20260607_10_Av_Alisos_C_15min_1_95_GB_t00044985ms_f0001350,L_20260607_10_Av_Alisos_C_15min_1_95_GB_t00044985ms_f0001350.jpg,L,20260607_10_Av_Alisos_C_-15min-1_95_GB,44.985,,38,train,e0ecee6dba320dd12ecb5dada1db8d1d,0,0,0,0,1,1,3,0,0,0,0,0
L_20260607_10_Av_Alisos_C_15min_1_95_GB_t00049984ms_f0001500,L_20260607_10_Av_Alisos_C_15min_1_95_GB_t00049984ms_f0001500.jpg,L,20260607_10_Av_Alisos_C_-15min-1_95_GB,49.984,,38,train,fd3512fe4b44abfa77533453d166e412,0,0,0,0,3,1,3,0,0,0,0,0
L_20260607_10_Av_Alisos_C_15min_1_95_GB_t00054982ms_f0001650,L_20260607_10_Av_Alisos_C_15min_1_95_GB_t00054982ms_f0001650.jpg,L,20260607_10_Av_Alisos_C_-15min-1_95_GB,54.982,,38,train,c0aaee66eb2ebc0b9ccdbdaec6ae3395,0,0,0,0,3,1,3,0,0,0,0,0
L_20260607_10_Av_Alisos_C_15min_1_95_GB_t00079974ms_f0002400,L_20260607_10_Av_Alisos_C_15min_1_95_GB_t00079974ms_f0002400.jpg,L,20260607_10_Av_Alisos_C_-15min-1_95_GB,79.974,,38,train,a3b3aeb9ff326c48f25f8d3200248649,0,0,0,0,1,0,3,0,0,0,0,0
L_20260607_10_Av_Alisos_C_15min_1_95_GB_t00084973ms_f0002550,L_20260607_10_Av_Alisos_C_15min_1_95_GB_t00084973ms_f0002550.jpg,L,20260607_10_Av_Alisos_C_-15min-1_95_GB,84.973,,38,train,19ba405ce625dcef8def78d09dc81779,0,0,0,0,0,0,7,0,0,0,0,0
L_20260607_10_Av_Alisos_C_15min_1_95_GB_t00089971ms_f0002700,L_20260607_10_Av_Alisos_C_15min_1_95_GB_t00089971ms_f0002700.jpg,L,20260607_10_Av_Alisos_C_-15min-1_95_GB,89.971,,38,train,bf1fa37ada67f79dfa3243336e221c6a,0,0,0,0,0,0,3,0,0,0,0,0
L_20260607_10_Av_Alisos_C_15min_1_95_GB_t00104966ms_f0003150,L_20260607_10_Av_Alisos_C_15min_1_95_GB_t00104966ms_f0003150.jpg,L,20260607_10_Av_Alisos_C_-15min-1_95_GB,104.966,,38,train,16b2324664faa6c2023faf56b89bd68f,0,0,0,0,6,0,7,0,0,0,0,0
L_20260607_10_Av_Alisos_C_15min_1_95_GB_t00119962ms_f0003600,L_20260607_10_Av_Alisos_C_15min_1_95_GB_t00119962ms_f0003600.jpg,L,20260607_10_Av_Alisos_C_-15min-1_95_GB,119.962,,38,train,ae885112eb079cba51e8a42f445268fe,0,0,0,0,0,0,3,0,0,0,0,1
L_20260607_10_Av_Alisos_C_15min_1_95_GB_t00124960ms_f0003750,L_20260607_10_Av_Alisos_C_15min_1_95_GB_t00124960ms_f0003750.jpg,L,20260607_10_Av_Alisos_C_-15min-1_95_GB,124.96,,38,train,a88761c6d179104f3e00ec0d0d3e356a,0,0,0,0,0,0,2,1,0,0,0,1
L_20260607_10_Av_Alisos_C_15min_1_95_GB_t00149952ms_f0004500,L_20260607_10_Av_Alisos_C_15min_1_95_GB_t00149952ms_f0004500.jpg,L,20260607_10_Av_Alisos_C_-15min-1_95_GB,149.952,,38,train,9352d8d7c33dfb657acd5b3afc76fa0b,0,0,0,0,0,0,1,0,0,0,0,1
L_20260607_10_Av_Alisos_C_15min_1_95_GB_t00169946ms_f0005100,L_20260607_10_Av_Alisos_C_15min_1_95_GB_t00169946ms_f0005100.jpg,L,20260607_10_Av_Alisos_C_-15min-1_95_GB,169.946,,38,train,866a44bdf93b6dabffb713ae00abaf2f,0,1,0,0,6,0,9,0,0,2,5,2
L_20260607_10_Av_Alisos_C_15min_1_95_GB_t00174944ms_f0005250,L_20260607_10_Av_Alisos_C_15min_1_95_GB_t00174944ms_f0005250.jpg,L,20260607_10_Av_Alisos_C_-15min-1_95_GB,174.944,,38,train,9908c8dd959ce002be974cede416067f,0,1,0,0,9,0,8,0,0,0,0,2
L_20260607_10_Av_Alisos_C_15min_1_95_GB_t00259918ms_f0007800,L_20260607_10_Av_Alisos_C_15min_1_95_GB_t00259918ms_f0007800.jpg,L,20260607_10_Av_Alisos_C_-15min-1_95_GB,259.918,,39,test,d3f954430f41f75fe0a8b30a0cec6d8f,0,0,0,0,1,1,2,1,0,0,0,0
L_20260607_10_Av_Alisos_C_15min_1_95_GB_t00264916ms_f0007950,L_20260607_10_Av_Alisos_C_15min_1_95_GB_t00264916ms_f0007950.jpg,L,20260607_10_Av_Alisos_C_-15min-1_95_GB,264.916,,39,test,9529927c859f41793063470d731759f6,0,0,0,0,1,0,2,0,0,0,0,0
L_20260607_10_Av_Alisos_C_15min_1_95_GB_t00269914ms_f0008100,L_20260607_10_Av_Alisos_C_15min_1_95_GB_t00269914ms_f0008100.jpg,L,20260607_10_Av_Alisos_C_-15min-1_95_GB,269.914,,39,test,2cc898ba5324a5d9244bbd481cfb888b,0,0,0,0,0,0,3,0,0,0,0,0
L_20260607_10_Av_Alisos_C_15min_1_95_GB_t00274913ms_f0008250,L_20260607_10_Av_Alisos_C_15min_1_95_GB_t00274913ms_f0008250.jpg,L,20260607_10_Av_Alisos_C_-15min-1_95_GB,274.913,,39,test,52a32a8161dc7c15f1b10bbfe7b2bf56,0,0,0,0,0,0,4,0,0,0,0,0
L_20260607_10_Av_Alisos_C_15min_1_95_GB_t00279911ms_f0008400,L_20260607_10_Av_Alisos_C_15min_1_95_GB_t00279911ms_f0008400.jpg,L,20260607_10_Av_Alisos_C_-15min-1_95_GB,279.911,,39,test,2a91360057e68ef49bc232d50ee3ab91,0,0,0,0,3,0,3,0,0,0,0,0
L_20260607_10_Av_Alisos_C_15min_1_95_GB_t00284910ms_f0008550,L_20260607_10_Av_Alisos_C_15min_1_95_GB_t00284910ms_f0008550.jpg,L,20260607_10_Av_Alisos_C_-15min-1_95_GB,284.91,,39,test,0ab8d04e8254f68ede1b35a02f29c231,0,1,0,0,2,0,2,0,0,0,0,1
L_20260607_10_Av_Alisos_C_15min_1_95_GB_t00289908ms_f0008700,L_20260607_10_Av_Alisos_C_15min_1_95_GB_t00289908ms_f0008700.jpg,L,20260607_10_Av_Alisos_C_-15min-1_95_GB,289.908,,39,test,d95ea482896d53dc3bc6f05f4881746c,0,0,0,0,6,0,10,0,0,0,0,0
L_20260607_10_Av_Alisos_C_15min_1_95_GB_t00294906ms_f0008850,L_20260607_10_Av_Alisos_C_15min_1_95_GB_t00294906ms_f0008850.jpg,L,20260607_10_Av_Alisos_C_-15min-1_95_GB,294.906,,39,test,fd8043df14a251e7f71cf00c45ae9854,0,0,0,0,4,0,3,0,0,0,0,0
L_20260607_10_Av_Alisos_C_15min_1_95_GB_t00299905ms_f0009000,L_20260607_10_Av_Alisos_C_15min_1_95_GB_t00299905ms_f0009000.jpg,L,20260607_10_Av_Alisos_C_-15min-1_95_GB,299.905,,39,test,1772b4028069d04e457a389796380588,1,0,0,0,0,0,4,0,0,0,0,0
L_20260607_10_Av_Alisos_C_15min_1_95_GB_t00369883ms_f0011100,L_20260607_10_Av_Alisos_C_15min_1_95_GB_t00369883ms_f0011100.jpg,L,20260607_10_Av_Alisos_C_-15min-1_95_GB,369.883,,40,test,093d0a037d33e4146dcbfc718e453421,0,0,0,0,2,1,5,0,0,0,0,0
L_20260607_10_Av_Alisos_C_15min_1_95_GB_t00374881ms_f0011250,L_20260607_10_Av_Alisos_C_15min_1_95_GB_t00374881ms_f0011250.jpg,L,20260607_10_Av_Alisos_C_-15min-1_95_GB,374.881,,40,test,069997abdbe92b4b9b20db97327230f4,0,0,0,0,3,0,9,0,0,0,0,0
L_20260607_10_Av_Alisos_C_15min_1_95_GB_t00379880ms_f0011400,L_20260607_10_Av_Alisos_C_15min_1_95_GB_t00379880ms_f0011400.jpg,L,20260607_10_Av_Alisos_C_-15min-1_95_GB,379.88,,40,test,8c23f2a6898535c8fb8e16a1e8fb9a4a,0,0,0,0,6,1,7,0,1,0,0,0
L_20260607_10_Av_Alisos_C_15min_1_95_GB_t00384878ms_f0011550,L_20260607_10_Av_Alisos_C_15min_1_95_GB_t00384878ms_f0011550.jpg,L,20260607_10_Av_Alisos_C_-15min-1_95_GB,384.878,,40,test,e935f2e66f20c2ff55b32afbb0789060,0,0,0,0,0,0,5,0,0,0,0,0
L_20260607_10_Av_Alisos_C_15min_1_95_GB_t00389877ms_f0011700,L_20260607_10_Av_Alisos_C_15min_1_95_GB_t00389877ms_f0011700.jpg,L,20260607_10_Av_Alisos_C_-15min-1_95_GB,389.877,,40,test,fcfef2b4b766c653d42dd264c98352de,0,0,0,0,1,1,2,0,0,0,0,0
L_20260607_10_Av_Alisos_C_15min_1_95_GB_t00394875ms_f0011850,L_20260607_10_Av_Alisos_C_15min_1_95_GB_t00394875ms_f0011850.jpg,L,20260607_10_Av_Alisos_C_-15min-1_95_GB,394.875,,40,test,943b01501a6a6b0861958c2949304ff7,0,0,0,0,4,0,5,0,0,0,0,0
L_20260607_10_Av_Alisos_C_15min_1_95_GB_t00449858ms_f0013500,L_20260607_10_Av_Alisos_C_15min_1_95_GB_t00449858ms_f0013500.jpg,L,20260607_10_Av_Alisos_C_-15min-1_95_GB,449.858,,41,test,3e4366a80a479997231141b308215764,0,1,0,0,7,0,11,0,2,0,1,0
L_20260607_10_Av_Alisos_C_15min_1_95_GB_t00459854ms_f0013800,L_20260607_10_Av_Alisos_C_15min_1_95_GB_t00459854ms_f0013800.jpg,L,20260607_10_Av_Alisos_C_-15min-1_95_GB,459.854,,41,test,6bb0bf1816b8d0e985e3094076f5e341,0,1,0,0,8,2,5,0,3,0,2,0
L_20260607_10_Av_Alisos_C_15min_1_95_GB_t00474850ms_f0014250,L_20260607_10_Av_Alisos_C_15min_1_95_GB_t00474850ms_f0014250.jpg,L,20260607_10_Av_Alisos_C_-15min-1_95_GB,474.85,,41,test,3cba8f7a29f37adb5fe15779ab33329b,0,0,0,0,10,1,8,1,2,0,1,0
L_20260607_10_Av_Alisos_C_15min_1_95_GB_t00709776ms_f0021300,L_20260607_10_Av_Alisos_C_15min_1_95_GB_t00709776ms_f0021300.jpg,L,20260607_10_Av_Alisos_C_-15min-1_95_GB,709.776,,42,test,47795cc0b98b7c7b57608b40a1bf755f,0,0,0,0,1,0,4,0,0,0,0,0
L_20260607_10_Av_Alisos_C_15min_1_95_GB_t00869725ms_f0026100,L_20260607_10_Av_Alisos_C_15min_1_95_GB_t00869725ms_f0026100.jpg,L,20260607_10_Av_Alisos_C_-15min-1_95_GB,869.725,,43,train,f7ef05eaedb473152cfd3c11782af3ae,0,0,0,0,2,0,3,0,0,0,0,0
L_20260607_10_Av_Alisos_C_15min_1_95_GB_t00874724ms_f0026250,L_20260607_10_Av_Alisos_C_15min_1_95_GB_t00874724ms_f0026250.jpg,L,20260607_10_Av_Alisos_C_-15min-1_95_GB,874.724,,43,train,528c16a02cafdd6397157ffd1613f78b,0,0,0,0,0,0,3,1,0,0,0,0
L_20260607_11_Av_Naranjal_12min_1_6GB_t00000000ms_f0000000,L_20260607_11_Av_Naranjal_12min_1_6GB_t00000000ms_f0000000.jpg,L,20260607_11_Av__Naranjal_-12min-1_6GB,0.0,,44,train,68d7197286028426f0e286e5a35e6300,0,0,0,0,0,0,2,0,2,0,0,0
L_20260607_11_Av_Naranjal_12min_1_6GB_t00004998ms_f0000150,L_20260607_11_Av_Naranjal_12min_1_6GB_t00004998ms_f0000150.jpg,L,20260607_11_Av__Naranjal_-12min-1_6GB,4.998,,44,train,1b68239c01e5bec6014acb6251ba39f1,0,0,0,0,0,0,2,0,1,0,0,0
L_20260607_11_Av_Naranjal_12min_1_6GB_t00009996ms_f0000300,L_20260607_11_Av_Naranjal_12min_1_6GB_t00009996ms_f0000300.jpg,L,20260607_11_Av__Naranjal_-12min-1_6GB,9.996,,44,train,22c93a0e24c432895931b6acf2d0e00a,0,0,0,0,2,0,1,0,1,0,0,1
L_20260607_11_Av_Naranjal_12min_1_6GB_t00014995ms_f0000450,L_20260607_11_Av_Naranjal_12min_1_6GB_t00014995ms_f0000450.jpg,L,20260607_11_Av__Naranjal_-12min-1_6GB,14.995,,44,train,1e81670507e635c56f7abe7ab19d2533,0,0,0,0,1,0,1,0,1,0,0,0
L_20260607_11_Av_Naranjal_12min_1_6GB_t00019993ms_f0000600,L_20260607_11_Av_Naranjal_12min_1_6GB_t00019993ms_f0000600.jpg,L,20260607_11_Av__Naranjal_-12min-1_6GB,19.993,,44,train,4f44a0809f580c613ba8706ba02e6145,0,0,0,0,0,0,3,0,2,0,0,1
L_20260607_11_Av_Naranjal_12min_1_6GB_t00024992ms_f0000750,L_20260607_11_Av_Naranjal_12min_1_6GB_t00024992ms_f0000750.jpg,L,20260607_11_Av__Naranjal_-12min-1_6GB,24.992,,44,train,6aca7ccb56843a317e694806cff363a7,0,0,0,0,0,0,4,0,3,0,0,0
L_20260607_11_Av_Naranjal_12min_1_6GB_t00029990ms_f0000900,L_20260607_11_Av_Naranjal_12min_1_6GB_t00029990ms_f0000900.jpg,L,20260607_11_Av__Naranjal_-12min-1_6GB,29.99,,44,train,1627e33ca1cc7e8a0a5d3657310e52f1,0,0,0,0,1,0,3,0,1,0,0,0
L_20260607_11_Av_Naranjal_12min_1_6GB_t00034988ms_f0001050,L_20260607_11_Av_Naranjal_12min_1_6GB_t00034988ms_f0001050.jpg,L,20260607_11_Av__Naranjal_-12min-1_6GB,34.988,,44,train,b45fb3fb312ae2b2007576780ce29c01,0,0,0,0,1,0,3,0,1,0,0,0
L_20260607_11_Av_Naranjal_12min_1_6GB_t00039987ms_f0001200,L_20260607_11_Av_Naranjal_12min_1_6GB_t00039987ms_f0001200.jpg,L,20260607_11_Av__Naranjal_-12min-1_6GB,39.987,,44,train,128c8cb99fdb4f8db2760451832c77a6,0,0,0,0,1,0,4,0,1,0,0,0
L_20260607_11_Av_Naranjal_12min_1_6GB_t00044985ms_f0001350,L_20260607_11_Av_Naranjal_12min_1_6GB_t00044985ms_f0001350.jpg,L,20260607_11_Av__Naranjal_-12min-1_6GB,44.985,,44,train,ef68fd64047468a33326a73eb9c7f1d3,0,0,0,0,4,0,2,0,1,0,0,0
L_20260607_11_Av_Naranjal_12min_1_6GB_t00049984ms_f0001500,L_20260607_11_Av_Naranjal_12min_1_6GB_t00049984ms_f0001500.jpg,L,20260607_11_Av__Naranjal_-12min-1_6GB,49.984,,44,train,bea4f84f43f54b1d6c070363d285e96f,0,0,0,0,0,0,2,0,1,0,0,0
L_20260607_11_Av_Naranjal_12min_1_6GB_t00064979ms_f0001950,L_20260607_11_Av_Naranjal_12min_1_6GB_t00064979ms_f0001950.jpg,L,20260607_11_Av__Naranjal_-12min-1_6GB,64.979,,44,train,ffe27467d54b42e45a43be69f0927819,0,0,0,0,0,0,2,0,1,0,0,0
L_20260607_11_Av_Naranjal_12min_1_6GB_t00069977ms_f0002100,L_20260607_11_Av_Naranjal_12min_1_6GB_t00069977ms_f0002100.jpg,L,20260607_11_Av__Naranjal_-12min-1_6GB,69.977,,44,train,bce72598c137739fe9fbeec3b1ec649d,0,0,0,0,0,0,3,0,1,0,0,0
L_20260607_11_Av_Naranjal_12min_1_6GB_t00074976ms_f0002250,L_20260607_11_Av_Naranjal_12min_1_6GB_t00074976ms_f0002250.jpg,L,20260607_11_Av__Naranjal_-12min-1_6GB,74.976,,44,train,99350b3ee1857b1a11e5143b6fbdfe31,0,0,0,0,0,0,3,0,1,0,0,0
L_20260607_11_Av_Naranjal_12min_1_6GB_t00079974ms_f0002400,L_20260607_11_Av_Naranjal_12min_1_6GB_t00079974ms_f0002400.jpg,L,20260607_11_Av__Naranjal_-12min-1_6GB,79.974,,44,train,3652ce2c1fcf629e75a29c459084146d,0,0,0,0,0,0,4,0,1,0,0,0
L_20260607_11_Av_Naranjal_12min_1_6GB_t00084973ms_f0002550,L_20260607_11_Av_Naranjal_12min_1_6GB_t00084973ms_f0002550.jpg,L,20260607_11_Av__Naranjal_-12min-1_6GB,84.973,,44,train,1737bfdfd90e91d573871b635d994cda,0,0,0,0,0,0,4,0,1,0,0,0
L_20260607_11_Av_Naranjal_12min_1_6GB_t00089971ms_f0002700,L_20260607_11_Av_Naranjal_12min_1_6GB_t00089971ms_f0002700.jpg,L,20260607_11_Av__Naranjal_-12min-1_6GB,89.971,,44,train,d78ab0a44b96604782dc900fdde0d126,0,0,0,0,0,0,4,0,1,0,0,0
L_20260607_11_Av_Naranjal_12min_1_6GB_t00119962ms_f0003600,L_20260607_11_Av_Naranjal_12min_1_6GB_t00119962ms_f0003600.jpg,L,20260607_11_Av__Naranjal_-12min-1_6GB,119.962,,44,train,80b77e0c72f064c60aa83d89d8a60292,0,0,0,0,0,0,0,0,0,0,0,1
L_20260607_11_Av_Naranjal_12min_1_6GB_t00214932ms_f0006450,L_20260607_11_Av_Naranjal_12min_1_6GB_t00214932ms_f0006450.jpg,L,20260607_11_Av__Naranjal_-12min-1_6GB,214.932,,45,train,45a7f8936c1e98b31d4ea05e7d816c83,0,0,0,0,2,0,2,0,0,0,2,0
L_20260607_11_Av_Naranjal_12min_1_6GB_t00219930ms_f0006600,L_20260607_11_Av_Naranjal_12min_1_6GB_t00219930ms_f0006600.jpg,L,20260607_11_Av__Naranjal_-12min-1_6GB,219.93,,45,train,e77ecf0a457001a64230be5a820d0655,0,0,0,0,2,0,2,0,1,0,2,0
L_20260607_11_Av_Naranjal_12min_1_6GB_t00224929ms_f0006750,L_20260607_11_Av_Naranjal_12min_1_6GB_t00224929ms_f0006750.jpg,L,20260607_11_Av__Naranjal_-12min-1_6GB,224.929,,45,train,b8a43e7476f628240a7034c97a8c9cf2,0,0,0,0,3,0,1,0,1,0,2,1
L_20260607_11_Av_Naranjal_12min_1_6GB_t00229927ms_f0006900,L_20260607_11_Av_Naranjal_12min_1_6GB_t00229927ms_f0006900.jpg,L,20260607_11_Av__Naranjal_-12min-1_6GB,229.927,,45,train,0840452cbc5ece87cf17128f6d9c400b,0,0,0,0,1,0,2,0,0,0,0,0
L_20260607_11_Av_Naranjal_12min_1_6GB_t00234925ms_f0007050,L_20260607_11_Av_Naranjal_12min_1_6GB_t00234925ms_f0007050.jpg,L,20260607_11_Av__Naranjal_-12min-1_6GB,234.925,,45,train,bf3cb12d2d70867ad494c67a713c8289,0,0,0,0,0,0,1,0,0,0,0,0
L_20260607_11_Av_Naranjal_12min_1_6GB_t00239924ms_f0007200,L_20260607_11_Av_Naranjal_12min_1_6GB_t00239924ms_f0007200.jpg,L,20260607_11_Av__Naranjal_-12min-1_6GB,239.924,,45,train,66f1b6a0e37d1c1b5a13d265ce997880,0,0,0,0,1,0,4,0,0,0,0,0
L_20260607_11_Av_Naranjal_12min_1_6GB_t00244922ms_f0007350,L_20260607_11_Av_Naranjal_12min_1_6GB_t00244922ms_f0007350.jpg,L,20260607_11_Av__Naranjal_-12min-1_6GB,244.922,,45,train,5eadaacf1bf6b21d7ee701dddc4fa4d3,0,0,0,0,2,0,4,0,0,0,2,0
L_20260607_11_Av_Naranjal_12min_1_6GB_t00249921ms_f0007500,L_20260607_11_Av_Naranjal_12min_1_6GB_t00249921ms_f0007500.jpg,L,20260607_11_Av__Naranjal_-12min-1_6GB,249.921,,45,train,3172eedae9e9c598369d3377e0e1a8f0,0,0,0,0,4,0,2,0,0,0,0,0
L_20260607_11_Av_Naranjal_12min_1_6GB_t00254919ms_f0007650,L_20260607_11_Av_Naranjal_12min_1_6GB_t00254919ms_f0007650.jpg,L,20260607_11_Av__Naranjal_-12min-1_6GB,254.919,,45,train,4ebee24f4fb097c223bffaa44464bb6e,0,0,0,0,0,1,4,0,0,0,2,0
L_20260607_11_Av_Naranjal_12min_1_6GB_t00259918ms_f0007800,L_20260607_11_Av_Naranjal_12min_1_6GB_t00259918ms_f0007800.jpg,L,20260607_11_Av__Naranjal_-12min-1_6GB,259.918,,45,train,db16361bd4de6c4af4bfc20e10a98b57,0,0,0,0,0,0,4,0,0,0,4,0
L_20260607_11_Av_Naranjal_12min_1_6GB_t00264916ms_f0007950,L_20260607_11_Av_Naranjal_12min_1_6GB_t00264916ms_f0007950.jpg,L,20260607_11_Av__Naranjal_-12min-1_6GB,264.916,,45,train,0c25481e92611d1b4088c29fd55778a9,0,0,0,0,1,0,4,0,1,0,0,0
L_20260607_11_Av_Naranjal_12min_1_6GB_t00269914ms_f0008100,L_20260607_11_Av_Naranjal_12min_1_6GB_t00269914ms_f0008100.jpg,L,20260607_11_Av__Naranjal_-12min-1_6GB,269.914,,45,train,b770383a7b89026edf9c99b944a8a348,0,0,0,0,1,0,1,0,1,0,2,0
L_20260607_11_Av_Naranjal_12min_1_6GB_t00274913ms_f0008250,L_20260607_11_Av_Naranjal_12min_1_6GB_t00274913ms_f0008250.jpg,L,20260607_11_Av__Naranjal_-12min-1_6GB,274.913,,45,train,124266a72484021fcd2914c8750f46cb,0,0,0,0,4,0,1,0,1,0,2,0
L_20260607_11_Av_Naranjal_12min_1_6GB_t00279911ms_f0008400,L_20260607_11_Av_Naranjal_12min_1_6GB_t00279911ms_f0008400.jpg,L,20260607_11_Av__Naranjal_-12min-1_6GB,279.911,,45,train,59bbb0409d96d1c07a9315ba1a6218fb,0,0,0,0,2,0,0,0,0,0,0,0
L_20260607_11_Av_Naranjal_12min_1_6GB_t00284910ms_f0008550,L_20260607_11_Av_Naranjal_12min_1_6GB_t00284910ms_f0008550.jpg,L,20260607_11_Av__Naranjal_-12min-1_6GB,284.91,,45,train,b1610e0b1b51dd22e5b3b1ec28c26cbc,0,0,0,0,1,0,3,0,0,0,0,0
L_20260607_11_Av_Naranjal_12min_1_6GB_t00289908ms_f0008700,L_20260607_11_Av_Naranjal_12min_1_6GB_t00289908ms_f0008700.jpg,L,20260607_11_Av__Naranjal_-12min-1_6GB,289.908,,45,train,e008e23bd0e2dc71b89d6d5561098db4,0,0,0,0,1,0,1,0,1,5,0,0
L_20260607_11_Av_Naranjal_12min_1_6GB_t00294906ms_f0008850,L_20260607_11_Av_Naranjal_12min_1_6GB_t00294906ms_f0008850.jpg,L,20260607_11_Av__Naranjal_-12min-1_6GB,294.906,,45,train,fdb761c7c0b65b1434dd938dfea983cc,0,0,0,0,0,0,2,0,1,0,0,0
L_20260607_11_Av_Naranjal_12min_1_6GB_t00299905ms_f0009000,L_20260607_11_Av_Naranjal_12min_1_6GB_t00299905ms_f0009000.jpg,L,20260607_11_Av__Naranjal_-12min-1_6GB,299.905,,45,train,3bdcf8b58284548be827ebdac1bcc1bb,0,0,0,0,0,0,4,0,0,3,1,0
L_20260607_11_Av_Naranjal_12min_1_6GB_t00304903ms_f0009150,L_20260607_11_Av_Naranjal_12min_1_6GB_t00304903ms_f0009150.jpg,L,20260607_11_Av__Naranjal_-12min-1_6GB,304.903,,45,train,982e60949c64606b35f4f7c6ccfa9554,0,0,0,0,2,0,10,0,1,0,0,0
L_20260607_11_Av_Naranjal_12min_1_6GB_t00309902ms_f0009300,L_20260607_11_Av_Naranjal_12min_1_6GB_t00309902ms_f0009300.jpg,L,20260607_11_Av__Naranjal_-12min-1_6GB,309.902,,45,train,e2d1e187ccdb90f5ab81592760c058a4,0,0,0,0,1,0,2,0,0,0,0,0
L_20260607_11_Av_Naranjal_12min_1_6GB_t00314900ms_f0009450,L_20260607_11_Av_Naranjal_12min_1_6GB_t00314900ms_f0009450.jpg,L,20260607_11_Av__Naranjal_-12min-1_6GB,314.9,,45,train,51a9acd7e003a6c35f3a7f04ac4797bc,0,0,0,0,0,0,3,0,1,0,0,0
L_20260607_11_Av_Naranjal_12min_1_6GB_t00319899ms_f0009600,L_20260607_11_Av_Naranjal_12min_1_6GB_t00319899ms_f0009600.jpg,L,20260607_11_Av__Naranjal_-12min-1_6GB,319.899,,45,train,28839bce5834a9e4a172b5a1a7a01f6d,0,0,0,0,0,0,0,0,1,0,0,0
L_20260607_11_Av_Naranjal_12min_1_6GB_t00324897ms_f0009750,L_20260607_11_Av_Naranjal_12min_1_6GB_t00324897ms_f0009750.jpg,L,20260607_11_Av__Naranjal_-12min-1_6GB,324.897,,45,train,73f777818fc2e5863588759ea9ea8127,0,0,0,0,1,0,2,0,0,0,0,1
L_20260607_11_Av_Naranjal_12min_1_6GB_t00334894ms_f0010050,L_20260607_11_Av_Naranjal_12min_1_6GB_t00334894ms_f0010050.jpg,L,20260607_11_Av__Naranjal_-12min-1_6GB,334.894,,45,train,fb9e858741788d1efa92dd07c6fd702d,0,0,0,0,0,0,1,0,0,0,0,0
L_20260607_11_Av_Naranjal_12min_1_6GB_t00349889ms_f0010500,L_20260607_11_Av_Naranjal_12min_1_6GB_t00349889ms_f0010500.jpg,L,20260607_11_Av__Naranjal_-12min-1_6GB,349.889,,45,train,dbd4ddf4a01e5511339bb965b787bf7e,0,0,0,0,0,0,3,0,0,0,0,0
L_20260607_11_Av_Naranjal_12min_1_6GB_t00359886ms_f0010800,L_20260607_11_Av_Naranjal_12min_1_6GB_t00359886ms_f0010800.jpg,L,20260607_11_Av__Naranjal_-12min-1_6GB,359.886,,45,train,226070cfec084dbddab5554665c06c3a,0,0,0,0,0,0,3,0,0,0,0,0
L_20260607_11_Av_Naranjal_12min_1_6GB_t00454856ms_f0013650,L_20260607_11_Av_Naranjal_12min_1_6GB_t00454856ms_f0013650.jpg,L,20260607_11_Av__Naranjal_-12min-1_6GB,454.856,,46,train,5fab51ce3586dce1913e4444b4d8383d,0,0,0,0,0,0,5,1,0,0,0,0
L_20260607_11_Av_Naranjal_12min_1_6GB_t00464853ms_f0013950,L_20260607_11_Av_Naranjal_12min_1_6GB_t00464853ms_f0013950.jpg,L,20260607_11_Av__Naranjal_-12min-1_6GB,464.853,,46,train,a5675b062d5087703f1fce8a2b6d7922,0,0,0,0,1,0,3,1,0,0,0,0
L_20260607_11_Av_Naranjal_12min_1_6GB_t00469851ms_f0014100,L_20260607_11_Av_Naranjal_12min_1_6GB_t00469851ms_f0014100.jpg,L,20260607_11_Av__Naranjal_-12min-1_6GB,469.851,,46,train,a73aff55e6e6628a1e78280fd9b5d803,0,0,0,0,0,0,4,0,0,0,0,0
L_20260607_11_Av_Naranjal_12min_1_6GB_t00474850ms_f0014250,L_20260607_11_Av_Naranjal_12min_1_6GB_t00474850ms_f0014250.jpg,L,20260607_11_Av__Naranjal_-12min-1_6GB,474.85,,46,train,cd8241735dfd8583b0832aa443f5a488,0,0,0,0,0,1,5,1,0,0,2,0
L_20260607_11_Av_Naranjal_12min_1_6GB_t00479848ms_f0014400,L_20260607_11_Av_Naranjal_12min_1_6GB_t00479848ms_f0014400.jpg,L,20260607_11_Av__Naranjal_-12min-1_6GB,479.848,,46,train,60a361878519f17e6fb25b9d72e84b0c,0,0,0,0,0,0,1,0,0,0,0,0
L_20260607_11_Av_Naranjal_12min_1_6GB_t00484847ms_f0014550,L_20260607_11_Av_Naranjal_12min_1_6GB_t00484847ms_f0014550.jpg,L,20260607_11_Av__Naranjal_-12min-1_6GB,484.847,,46,train,30e8e625d80baf43b5923faae5165066,0,0,0,0,0,0,7,0,1,0,0,0
L_20260607_11_Av_Naranjal_12min_1_6GB_t00489845ms_f0014700,L_20260607_11_Av_Naranjal_12min_1_6GB_t00489845ms_f0014700.jpg,L,20260607_11_Av__Naranjal_-12min-1_6GB,489.845,,46,train,30f32abc3c6071ed85d18873c0e73006,0,0,0,0,0,0,0,0,1,0,0,0
L_20260607_11_Av_Naranjal_12min_1_6GB_t00494843ms_f0014850,L_20260607_11_Av_Naranjal_12min_1_6GB_t00494843ms_f0014850.jpg,L,20260607_11_Av__Naranjal_-12min-1_6GB,494.843,,46,train,a879f2d30d6b90f99f71ed9354fa59fb,0,0,0,0,0,0,0,0,1,0,0,0
L_20260607_11_Av_Naranjal_12min_1_6GB_t00499842ms_f0015000,L_20260607_11_Av_Naranjal_12min_1_6GB_t00499842ms_f0015000.jpg,L,20260607_11_Av__Naranjal_-12min-1_6GB,499.842,,46,train,0fe123f07ffebdbd97ad4168606800ad,0,0,0,0,0,0,0,0,2,0,0,0
L_20260607_11_Av_Naranjal_12min_1_6GB_t00504840ms_f0015150,L_20260607_11_Av_Naranjal_12min_1_6GB_t00504840ms_f0015150.jpg,L,20260607_11_Av__Naranjal_-12min-1_6GB,504.84,,46,train,5f5e2a295bb14a2888bacbfca2e5acad,0,0,0,0,4,0,4,0,2,0,0,1
L_20260607_11_Av_Naranjal_12min_1_6GB_t00509839ms_f0015300,L_20260607_11_Av_Naranjal_12min_1_6GB_t00509839ms_f0015300.jpg,L,20260607_11_Av__Naranjal_-12min-1_6GB,509.839,,46,train,947f168065fb47a1479e8c196cca3266,0,0,0,0,0,0,1,0,2,0,0,0
L_20260607_11_Av_Naranjal_12min_1_6GB_t00514837ms_f0015450,L_20260607_11_Av_Naranjal_12min_1_6GB_t00514837ms_f0015450.jpg,L,20260607_11_Av__Naranjal_-12min-1_6GB,514.837,,46,train,adb907f7ed3da17a57fed8f1d37b6bc9,0,0,0,0,1,0,0,0,2,0,0,0
L_20260607_11_Av_Naranjal_12min_1_6GB_t00519836ms_f0015600,L_20260607_11_Av_Naranjal_12min_1_6GB_t00519836ms_f0015600.jpg,L,20260607_11_Av__Naranjal_-12min-1_6GB,519.836,,46,train,9e83123a9451b862475ef275f2bf56fc,0,0,0,0,1,0,1,0,2,0,0,0
L_20260607_11_Av_Naranjal_12min_1_6GB_t00524834ms_f0015750,L_20260607_11_Av_Naranjal_12min_1_6GB_t00524834ms_f0015750.jpg,L,20260607_11_Av__Naranjal_-12min-1_6GB,524.834,,46,train,ec3993d7969341e098b13411e3fc1370,0,0,0,0,2,1,3,1,2,0,0,1
L_20260607_11_Av_Naranjal_12min_1_6GB_t00529832ms_f0015900,L_20260607_11_Av_Naranjal_12min_1_6GB_t00529832ms_f0015900.jpg,L,20260607_11_Av__Naranjal_-12min-1_6GB,529.832,,46,train,fc06578c4d580a67e751aff807d7d838,0,0,0,0,2,2,1,1,2,0,0,0
L_20260607_11_Av_Naranjal_12min_1_6GB_t00534831ms_f0016050,L_20260607_11_Av_Naranjal_12min_1_6GB_t00534831ms_f0016050.jpg,L,20260607_11_Av__Naranjal_-12min-1_6GB,534.831,,46,train,84684c1d21321064fc06798a20924c3b,0,0,0,0,2,0,4,0,3,0,0,0
L_20260607_11_Av_Naranjal_12min_1_6GB_t00539829ms_f0016200,L_20260607_11_Av_Naranjal_12min_1_6GB_t00539829ms_f0016200.jpg,L,20260607_11_Av__Naranjal_-12min-1_6GB,539.829,,46,train,fea13e9be132ca7a9f9f525a3511841c,0,0,0,0,1,0,2,0,1,0,0,0
L_20260607_11_Av_Naranjal_12min_1_6GB_t00544828ms_f0016350,L_20260607_11_Av_Naranjal_12min_1_6GB_t00544828ms_f0016350.jpg,L,20260607_11_Av__Naranjal_-12min-1_6GB,544.828,,46,train,29b3ae8113e5860b4a60c0067ebababd,0,0,0,0,1,1,4,0,1,0,0,0
L_20260607_11_Av_Naranjal_12min_1_6GB_t00574818ms_f0017250,L_20260607_11_Av_Naranjal_12min_1_6GB_t00574818ms_f0017250.jpg,L,20260607_11_Av__Naranjal_-12min-1_6GB,574.818,,46,train,12a6d9708e985a6d95d8fb54e3acda1a,0,0,0,0,0,0,5,0,1,0,0,0
L_20260607_11_Av_Naranjal_12min_1_6GB_t00614806ms_f0018450,L_20260607_11_Av_Naranjal_12min_1_6GB_t00614806ms_f0018450.jpg,L,20260607_11_Av__Naranjal_-12min-1_6GB,614.806,,47,test,a31f9a10bbc42b01aaf110ebbbcd5996,0,0,0,0,7,0,4,0,2,0,0,0
L_20260607_11_Av_Naranjal_12min_1_6GB_t00619804ms_f0018600,L_20260607_11_Av_Naranjal_12min_1_6GB_t00619804ms_f0018600.jpg,L,20260607_11_Av__Naranjal_-12min-1_6GB,619.804,,47,test,ed8b1462a7c074b8572c1c19837ed1a1,0,0,0,0,1,0,10,0,2,0,3,0
L_20260607_11_Av_Naranjal_12min_1_6GB_t00679785ms_f0020400,L_20260607_11_Av_Naranjal_12min_1_6GB_t00679785ms_f0020400.jpg,L,20260607_11_Av__Naranjal_-12min-1_6GB,679.785,,48,test,a6a3e51fe6c19dbf7b6848721f2ebf39,0,0,0,0,0,0,6,0,2,0,2,1
L_20260607_11_Av_Naranjal_12min_1_6GB_t00684783ms_f0020550,L_20260607_11_Av_Naranjal_12min_1_6GB_t00684783ms_f0020550.jpg,L,20260607_11_Av__Naranjal_-12min-1_6GB,684.783,,48,test,ed407af9c8e3afe8e61af65a1c613c36,0,0,0,0,0,0,5,0,2,0,0,1
L_20260607_11_Av_Naranjal_12min_1_6GB_t00689782ms_f0020700,L_20260607_11_Av_Naranjal_12min_1_6GB_t00689782ms_f0020700.jpg,L,20260607_11_Av__Naranjal_-12min-1_6GB,689.782,,48,test,062838c098d8d7bf20bd45231ced4973,0,0,0,0,1,0,2,0,1,0,0,1
L_20260607_11_Av_Naranjal_12min_1_6GB_t00694780ms_f0020850,L_20260607_11_Av_Naranjal_12min_1_6GB_t00694780ms_f0020850.jpg,L,20260607_11_Av__Naranjal_-12min-1_6GB,694.78,,48,test,f939c6457670bb1784bc60edcf30df05,0,0,0,0,0,0,0,0,2,0,3,0
L_20260607_11_Av_Naranjal_12min_1_6GB_t00699779ms_f0021000,L_20260607_11_Av_Naranjal_12min_1_6GB_t00699779ms_f0021000.jpg,L,20260607_11_Av__Naranjal_-12min-1_6GB,699.779,,48,test,6bcf269fb423e287448f31a2dcb01f19,0,0,0,0,0,0,2,0,1,0,2,0
L_20260607_11_Av_Naranjal_12min_1_6GB_t00704777ms_f0021150,L_20260607_11_Av_Naranjal_12min_1_6GB_t00704777ms_f0021150.jpg,L,20260607_11_Av__Naranjal_-12min-1_6GB,704.777,,48,test,684ff4add43d8a155e90b1eeee99a482,0,0,0,0,0,0,1,0,0,0,3,0
L_20260607_11_Av_Naranjal_12min_1_6GB_t00709776ms_f0021300,L_20260607_11_Av_Naranjal_12min_1_6GB_t00709776ms_f0021300.jpg,L,20260607_11_Av__Naranjal_-12min-1_6GB,709.776,,48,test,7e0216d38c400ef7073a124729cf65c1,0,0,0,0,0,0,1,0,1,3,0,1
L_20260607_11_Av_Naranjal_12min_1_6GB_t00714774ms_f0021450,L_20260607_11_Av_Naranjal_12min_1_6GB_t00714774ms_f0021450.jpg,L,20260607_11_Av__Naranjal_-12min-1_6GB,714.774,,48,test,2b1e117f50ba969128115cbbda611510,0,0,0,0,0,0,0,0,0,2,0,0
L_20260607_11_Av_Naranjal_12min_1_6GB_t00719772ms_f0021600,L_20260607_11_Av_Naranjal_12min_1_6GB_t00719772ms_f0021600.jpg,L,20260607_11_Av__Naranjal_-12min-1_6GB,719.772,,48,test,aaba7f27828b9bf57ec73da026ea2a08,0,0,0,0,0,0,2,0,0,0,0,1
L_20260607_11_Av_Naranjal_12min_1_6GB_t00724771ms_f0021750,L_20260607_11_Av_Naranjal_12min_1_6GB_t00724771ms_f0021750.jpg,L,20260607_11_Av__Naranjal_-12min-1_6GB,724.771,,48,test,2321b8645c672e0060b464104774349c,0,0,0,0,0,0,2,0,0,0,0,1
L_20260607_11_Av_Naranjal_12min_1_6GB_t00729769ms_f0021900,L_20260607_11_Av_Naranjal_12min_1_6GB_t00729769ms_f0021900.jpg,L,20260607_11_Av__Naranjal_-12min-1_6GB,729.769,,48,test,c4db7e4733b91669b28573b87c23be1c,0,0,0,0,0,0,1,0,0,0,0,1
L_20260607_11_Av_Naranjal_12min_1_6GB_t00734768ms_f0022050,L_20260607_11_Av_Naranjal_12min_1_6GB_t00734768ms_f0022050.jpg,L,20260607_11_Av__Naranjal_-12min-1_6GB,734.768,,48,test,df5d191e29ae4e23643aca8d6f70ae2e,0,0,0,0,1,0,5,1,0,0,0,1
L_20260607_11_Av_Naranjal_12min_1_6GB_t00739766ms_f0022200,L_20260607_11_Av_Naranjal_12min_1_6GB_t00739766ms_f0022200.jpg,L,20260607_11_Av__Naranjal_-12min-1_6GB,739.766,,48,test,1f1e6b18da7c96232a1778f5d74ab49e,0,0,0,0,0,1,1,0,0,0,0,1
L_20260607_11_Av_Naranjal_12min_1_6GB_t00744765ms_f0022350,L_20260607_11_Av_Naranjal_12min_1_6GB_t00744765ms_f0022350.jpg,L,20260607_11_Av__Naranjal_-12min-1_6GB,744.765,,48,test,214a56a8a6e88133fe2b8b5fdf5ce575,0,0,0,0,0,1,0,0,0,0,0,0
L_20260607_11_Av_Naranjal_12min_1_6GB_t00749763ms_f0022500,L_20260607_11_Av_Naranjal_12min_1_6GB_t00749763ms_f0022500.jpg,L,20260607_11_Av__Naranjal_-12min-1_6GB,749.763,,48,test,15fed6cadfd9e4dc0367940804ca1a95,0,0,0,0,0,0,1,0,0,0,0,0
L_20260607_11_Av_Naranjal_12min_1_6GB_t00754761ms_f0022650,L_20260607_11_Av_Naranjal_12min_1_6GB_t00754761ms_f0022650.jpg,L,20260607_11_Av__Naranjal_-12min-1_6GB,754.761,,48,test,66a7fd4d99dde751949ce2fd86ceae70,0,0,0,0,0,0,2,0,0,0,0,0
A_video_Andahuaylas_0001,A_video_Andahuaylas_0001.jpg,A,Andahuaylas_1,1.0,,49,train,de0e41ab73bd3d49f39fa0f9695e7e7e,0,0,0,0,1,0,1,1,0,0,0,2
A_video_Andahuaylas_0002,A_video_Andahuaylas_0002.jpg,A,Andahuaylas_1,2.0,,49,train,a18f993db4f20f6a23eb16418150a000,0,0,0,0,0,0,10,0,0,0,0,4
A_video_Andahuaylas_0003,A_video_Andahuaylas_0003.jpg,A,Andahuaylas_1,3.0,,49,train,203132c6bfcebc38627342b9a4c11830,0,0,0,0,0,0,12,0,0,0,0,4
A_video_Andahuaylas_0004,A_video_Andahuaylas_0004.jpg,A,Andahuaylas_1,4.0,,49,train,0e5eca6633c21c16d969a63d79d62b61,0,0,1,0,1,0,4,0,0,0,0,4
A_video_Andahuaylas_2_0001,A_video_Andahuaylas_2_0001.jpg,A,Andahuaylas_2,1.0,,50,test,e15f10b315198f55d0918a933c6d8516,0,0,0,0,1,0,4,1,0,1,0,4
A_video_Andahuaylas_2_0002,A_video_Andahuaylas_2_0002.jpg,A,Andahuaylas_2,2.0,,50,test,e3a27fd26e8e0a13fce4a6b1e3fe462c,0,0,0,0,0,0,5,0,0,0,0,2
A_video_Andahuaylas_2_0003,A_video_Andahuaylas_2_0003.jpg,A,Andahuaylas_2,3.0,,50,test,cb27784468e9c82422d3ec4ee2dcec7d,0,0,0,0,1,0,3,1,0,0,0,2
A_video_Andahuaylas_2_0004,A_video_Andahuaylas_2_0004.jpg,A,Andahuaylas_2,4.0,,50,test,4507e1b75bedebfa756bbe7e6a782bc5,0,0,0,0,1,0,4,3,0,0,0,2
A_video_Andahuaylas_2_0005,A_video_Andahuaylas_2_0005.jpg,A,Andahuaylas_2,5.0,,50,test,309c9a1265d52575f868aed3761ce6f8,0,0,0,0,0,0,2,1,0,0,0,2
A_video_Andahuaylas_3_0001,A_video_Andahuaylas_3_0001.jpg,A,Andahuaylas_3,1.0,,51,test,e9b203aae2a0a77cc58b192ef2ff43fc,0,0,0,0,1,0,2,3,0,0,0,1
A_video_Andahuaylas_3_0002,A_video_Andahuaylas_3_0002.jpg,A,Andahuaylas_3,2.0,,51,test,dfe1f6cbef50584e49d705dd585a98ca,0,0,0,0,0,0,1,3,1,0,0,1
A_video_Andahuaylas_3_0003,A_video_Andahuaylas_3_0003.jpg,A,Andahuaylas_3,3.0,,51,test,944fdb25743ce50bbf904d14c210302e,0,0,0,0,0,0,5,0,0,0,0,2
A_video_Andahuaylas_3_0004,A_video_Andahuaylas_3_0004.jpg,A,Andahuaylas_3,4.0,,51,test,9568b9db72858fa37f3511fba3988b74,0,0,0,0,1,0,0,0,0,0,0,3
A_video_Andahuaylas_3_0005,A_video_Andahuaylas_3_0005.jpg,A,Andahuaylas_3,5.0,,51,test,6597ee15bad3078c571324db76cb1709,0,0,0,0,4,0,0,1,0,0,0,3
A_video_Andahuaylas_3_0006,A_video_Andahuaylas_3_0006.jpg,A,Andahuaylas_3,6.0,,51,test,4af6767627044e570da264db6df1b474,0,0,0,0,1,0,1,1,0,0,0,3
A_video_Andahuaylas_4_0001,A_video_Andahuaylas_4_0001.jpg,A,Andahuaylas_4,1.0,,52,train,68bd5e4d19fee075610968a5a4ed15a0,0,0,0,0,2,0,1,1,1,0,0,3
A_video_Andahuaylas_4_0002,A_video_Andahuaylas_4_0002.jpg,A,Andahuaylas_4,2.0,,52,train,97e5798ca5efd543adfee0bed990db12,0,0,0,0,1,0,1,0,0,0,0,0
A_video_Andahuaylas_4_0003,A_video_Andahuaylas_4_0003.jpg,A,Andahuaylas_4,3.0,,52,train,b2023218e5f3a282c05d092a78e751d5,0,0,0,0,1,0,2,1,1,0,0,0
A_video_Andahuaylas_4_0004,A_video_Andahuaylas_4_0004.jpg,A,Andahuaylas_4,4.0,,52,train,295cba6b67a6519bcb4b4dddc0cfa340,0,0,0,0,1,0,2,1,1,0,0,0
A_video_Andahuaylas_4_0005,A_video_Andahuaylas_4_0005.jpg,A,Andahuaylas_4,5.0,,52,train,29b0e8107058eb4848897f8d6eb02160,0,0,0,0,8,0,2,0,0,0,0,1
A_video_Andahuaylas_4_0006,A_video_Andahuaylas_4_0006.jpg,A,Andahuaylas_4,6.0,,52,train,8a039b6c1ff80c30378bac01e5f8fce9,0,0,0,0,7,0,2,0,0,0,0,0
A_video_Andahuaylas_4_0007,A_video_Andahuaylas_4_0007.jpg,A,Andahuaylas_4,7.0,,52,train,b8b2c74db2ef3f50e66595aa3d37ada5,0,0,0,0,5,1,3,0,0,0,0,1
A_video_Andahuaylas_4_0008,A_video_Andahuaylas_4_0008.jpg,A,Andahuaylas_4,8.0,,52,train,be4fbe8bf671ff9f0ccc8909808cd36f,0,0,0,0,2,1,2,1,0,0,0,0
A_video_Andahuaylas_4_0009,A_video_Andahuaylas_4_0009.jpg,A,Andahuaylas_4,9.0,,52,train,479cc513e67bb307287efd6a154238cd,0,0,0,0,6,1,3,0,1,0,0,1
